gplink-2.2.37 (Jan 22 2024)
Listing File Generated: 2026-8-13  16:45:38
 
 
Address  Value    Disassembly              Source
-------  -----    -----------              ------
                                           ;--------------------------------------------------------
                                           ; external declarations
                                           ;--------------------------------------------------------
                                           	extern	__mullong
                                           	extern	__divulong
                                           	extern	_INDF0bits
                                           	extern	_INDF1bits
                                           	extern	_INDF2bits
                                           	extern	_HIBYTEbits
                                           	extern	_FSR0bits
                                           	extern	_FSR1bits
                                           	extern	_PCLbits
                                           	extern	_PFLAGbits
                                           	extern	_MCRbits
                                           	extern	_INDF3bits
                                           	extern	_INTEbits
                                           	extern	_INTFbits
                                           	extern	_DRVCRbits
                                           	extern	_PFRCCRbits
                                           	extern	_P1KBCRbits
                                           	extern	_PFRCCALbits
                                           	extern	_IOP0bits
                                           	extern	_OEP0bits
                                           	extern	_PUP0bits
                                           	extern	_PDP0bits
                                           	extern	_IOP1bits
                                           	extern	_OEP1bits
                                           	extern	_PUP1bits
                                           	extern	_PDP1bits
                                           	extern	_T0CRbits
                                           	extern	_T0CNTbits
                                           	extern	_T0LOADbits
                                           	extern	_T0DATAbits
                                           	extern	_T1CRbits
                                           	extern	_T1CNTbits
                                           	extern	_T1LOADbits
                                           	extern	_T1DATAbits
                                           	extern	_T2CRbits
                                           	extern	_T2CNTbits
                                           	extern	_T2LOADbits
                                           	extern	_T2DATAbits
                                           	extern	_T3CRbits
                                           	extern	_T3CNTbits
                                           	extern	_T3LOADbits
                                           	extern	_PWM0DRbits
                                           	extern	_PWM1DRbits
                                           	extern	_PWM2DRbits
                                           	extern	_PWMCR0bits
                                           	extern	_PWMCR1bits
                                           	extern	_OSCMRbits
                                           	extern	_LVDCRbits
                                           	extern	_ADCR0bits
                                           	extern	_ADCR1bits
                                           	extern	_ADCR2bits
                                           	extern	_OSADJCRbits
                                           	extern	_ADRHbits
                                           	extern	_ADRLbits
                                           	extern	_ADIOS0bits
                                           	extern	_ADIOS1bits
                                           	extern	_PMODbits
                                           	extern	_PWMCR3bits
                                           	extern	_PWMCR2bits
                                           	extern	_PFRCAUXbits
                                           	extern	_HIRCCALbits
                                           	extern	_INDF0
                                           	extern	_INDF1
                                           	extern	_INDF2
                                           	extern	_HIBYTE
                                           	extern	_FSR0
                                           	extern	_FSR1
                                           	extern	_PCL
                                           	extern	_PFLAG
                                           	extern	_MCR
                                           	extern	_INDF3
                                           	extern	_INTE
                                           	extern	_INTF
                                           	extern	_DRVCR
                                           	extern	_PFRCCR
                                           	extern	_P1KBCR
                                           	extern	_PFRCCAL
                                           	extern	_IOP0
                                           	extern	_OEP0
                                           	extern	_PUP0
                                           	extern	_PDP0
                                           	extern	_IOP1
                                           	extern	_OEP1
                                           	extern	_PUP1
                                           	extern	_PDP1
                                           	extern	_T0CR
                                           	extern	_T0CNT
                                           	extern	_T0LOAD
                                           	extern	_T0DATA
                                           	extern	_T1CR
                                           	extern	_T1CNT
                                           	extern	_T1LOAD
                                           	extern	_T1DATA
                                           	extern	_T2CR
                                           	extern	_T2CNT
                                           	extern	_T2LOAD
                                           	extern	_T2DATA
                                           	extern	_T3CR
                                           	extern	_T3CNT
                                           	extern	_T3LOAD
                                           	extern	_PWM0DR
                                           	extern	_PWM1DR
                                           	extern	_PWM2DR
                                           	extern	_PWMCR0
                                           	extern	_PWMCR1
                                           	extern	_OSCMR
                                           	extern	_LVDCR
                                           	extern	_ADCR0
                                           	extern	_ADCR1
                                           	extern	_ADCR2
                                           	extern	_OSADJCR
                                           	extern	_ADRH
                                           	extern	_ADRL
                                           	extern	_ADIOS0
                                           	extern	_ADIOS1
                                           	extern	_PMOD
                                           	extern	_PWMCR3
                                           	extern	_PWMCR2
                                           	extern	_PFRCAUX
                                           	extern	_HIRCCAL
                                           ;--------------------------------------------------------
                                           ; global declarations
                                           ;--------------------------------------------------------
                                           	global	_delay_ms
                                           	global	_CLR_RAM
                                           	global	_adc_config
                                           	global	_adc_sel_pin
                                           	global	_adc_get_val
                                           	global	_Sys_Init
                                           	global	_key_scan
                                           	global	_key_event_handle
                                           	global	_adc_scan_handle
                                           	global	_turn_dir_scan_handle
                                           	global	_shutdown_scan_handle
                                           	global	_low_power_scan_handle
                                           	global	_main
                                           	global	_int_isr
                                           	global	_key_event
                                           	global	_mode_flag
                                           	global	_key_press_flag
                                           	global	_i
                                           	global	_adc_val
                                           	global	_turn_dir_ms_cnt
                                           	global	_shut_down_ms_cnt
                                           	global	_adc_bat_val
                                           	global	_adc_charging_val
                                           	global	_max_pwm_val
                                           	global	_last_pwm_val
                                           	global	_tmp_val
                                           	global	_tmp_val_l
                                           	global	_tmp_val_cnt
                                           	global	_charge_time_cnt
                                           	global	_tmp_bat_val
                                           	global	_over_charging_cnt
                                           	global	_full_charge_cnt
                                           	global	_inflation_ctl_status
                                           	global	_abuf
                                           	global	_statusbuf
                                           	global	_flag1
                                           	global	_flag2
                                           	global	_flag3
                                           
                                           	global STK06
                                           	global STK05
                                           	global STK04
                                           	global STK03
                                           	global STK02
                                           	global STK01
                                           	global STK00
                                           
                                           sharebank udata_ovr 0x0000
                                           STK06	res 1
                                           STK05	res 1
                                           STK04	res 1
                                           STK03	res 1
                                           STK02	res 1
                                           STK01	res 1
                                           STK00	res 1
                                           
                                           ;--------------------------------------------------------
                                           ; global definitions
                                           ;--------------------------------------------------------
                                           UD_MC32P7351_0	udata
                                           _key_event	res	1
                                           
                                           UD_MC32P7351_1	udata
                                           _mode_flag	res	1
                                           
                                           UD_MC32P7351_2	udata
                                           _key_press_flag	res	1
                                           
                                           UD_MC32P7351_3	udata
                                           _i	res	1
                                           
                                           UD_MC32P7351_4	udata
                                           _adc_val	res	2
                                           
                                           UD_MC32P7351_5	udata
                                           _turn_dir_ms_cnt	res	4
                                           
                                           UD_MC32P7351_6	udata
                                           _shut_down_ms_cnt	res	4
                                           
                                           UD_MC32P7351_7	udata
                                           _adc_bat_val	res	4
                                           
                                           UD_MC32P7351_8	udata
                                           _adc_charging_val	res	2
                                           
                                           UD_MC32P7351_9	udata
                                           _max_pwm_val	res	4
                                           
                                           UD_MC32P7351_10	udata
                                           _last_pwm_val	res	2
                                           
                                           UD_MC32P7351_11	udata
                                           _tmp_val	res	2
                                           
                                           UD_MC32P7351_12	udata
                                           _tmp_val_l	res	16
                                           
                                           UD_MC32P7351_13	udata
                                           _tmp_val_cnt	res	1
                                           
                                           UD_MC32P7351_14	udata
                                           _charge_time_cnt	res	4
                                           
                                           UD_MC32P7351_15	udata
                                           _tmp_bat_val	res	2
                                           
                                           UD_MC32P7351_16	udata
                                           _over_charging_cnt	res	1
                                           
                                           UD_MC32P7351_17	udata
                                           _full_charge_cnt	res	1
                                           
                                           UD_MC32P7351_18	udata
                                           _inflation_ctl_status	res	1
                                           
                                           UD_MC32P7351_19	udata
                                           _abuf	res	1
                                           
                                           UD_MC32P7351_20	udata
                                           _statusbuf	res	1
                                           
                                           UD_MC32P7351_21	udata
                                           _flag1	res	1
                                           
                                           UD_MC32P7351_22	udata
                                           _flag2	res	1
                                           
                                           UD_MC32P7351_23	udata
                                           _flag3	res	1
                                           
                                           ;--------------------------------------------------------
                                           ; absolute symbol definitions
                                           ;--------------------------------------------------------
                                           ;--------------------------------------------------------
                                           ; compiler-defined variables
                                           ;--------------------------------------------------------
                                           UDL_MC32P7351_0	udata
                                           r0x1053	res	1
                                           r0x1052	res	1
                                           r0x1054	res	1
                                           r0x1055	res	1
                                           r0x1056	res	1
                                           r0x1057	res	1
                                           r0x1058	res	1
                                           r0x1059	res	1
                                           r0x105A	res	1
                                           r0x105B	res	1
                                           r0x105C	res	1
                                           r0x105E	res	1
                                           r0x105D	res	1
                                           r0x105F	res	1
                                           r0x1060	res	1
                                           r0x1061	res	1
                                           r0x1062	res	1
                                           r0x1064	res	1
                                           r0x1063	res	1
                                           r0x1065	res	1
                                           r0x1066	res	1
                                           r0x1067	res	1
                                           r0x1068	res	1
                                           r0x1069	res	1
                                           r0x106A	res	1
                                           r0x106B	res	1
                                           r0x106C	res	1
                                           _key_scan_cur_key_id_65536_31	res	1
                                           _key_scan_filter_cnt_65536_31	res	1
                                           _key_scan_filter_key_id_65536_31	res	1
                                           _key_scan_press_cnt_65536_31	res	1
                                           _key_scan_flag_is_key_mode_hold_65536_31	res	1
                                           _key_scan_last_key_id_65536_31	res	1
                                           _adc_scan_handle_cnt_65536_93	res	1
                                           _adc_scan_handle_need_charge_cnt_65536_93	res	1
                                           _int_isr___1ms_cnt_196608_221	res	1
                                           _int_isr_key_scan_cnt_327680_223	res	1
                                           _int_isr_low_bat_cnt_327680_226	res	2
                                           _int_isr_shut_down_bat_cnt_327680_230	res	2
                                           _int_isr_update_current_time_cnt_327680_234	res	2
                                           _int_isr_cnt_327680_238	res	2
                                           _int_isr_cnt_327680_240	res	2
                                           _led_state	res	1
                                           _pwm_counter	res	2
                                           _breath_counter	res	1
                                           _pwm_duty	res	1
                                           _breath_direction	res	1
                                           ;--------------------------------------------------------
                                           ; initialized data
                                           ;--------------------------------------------------------
                                           
                                           ;@Allocation info for local variables in function 'delay_ms'
                                           ;@delay_ms delay_ms                  Allocated to registers ;size:2
                                           ;@delay_ms INDF0bits                 Allocated to registers ;size:1
                                           ;@delay_ms INDF1bits                 Allocated to registers ;size:1
                                           ;@delay_ms INDF2bits                 Allocated to registers ;size:1
                                           ;@delay_ms HIBYTEbits                Allocated to registers ;size:1
                                           ;@delay_ms FSR0bits                  Allocated to registers ;size:1
                                           ;@delay_ms FSR1bits                  Allocated to registers ;size:1
                                           ;@delay_ms PCLbits                   Allocated to registers ;size:1
                                           ;@delay_ms PFLAGbits                 Allocated to registers ;size:1
                                           ;@delay_ms MCRbits                   Allocated to registers ;size:1
                                           ;@delay_ms INDF3bits                 Allocated to registers ;size:1
                                           ;@delay_ms INTEbits                  Allocated to registers ;size:1
                                           ;@delay_ms INTFbits                  Allocated to registers ;size:1
                                           ;@delay_ms DRVCRbits                 Allocated to registers ;size:1
                                           ;@delay_ms PFRCCRbits                Allocated to registers ;size:1
                                           ;@delay_ms P1KBCRbits                Allocated to registers ;size:1
                                           ;@delay_ms PFRCCALbits               Allocated to registers ;size:1
                                           ;@delay_ms IOP0bits                  Allocated to registers ;size:1
                                           ;@delay_ms OEP0bits                  Allocated to registers ;size:1
                                           ;@delay_ms PUP0bits                  Allocated to registers ;size:1
                                           ;@delay_ms PDP0bits                  Allocated to registers ;size:1
                                           ;@delay_ms IOP1bits                  Allocated to registers ;size:1
                                           ;@delay_ms OEP1bits                  Allocated to registers ;size:1
                                           ;@delay_ms PUP1bits                  Allocated to registers ;size:1
                                           ;@delay_ms PDP1bits                  Allocated to registers ;size:1
                                           ;@delay_ms T0CRbits                  Allocated to registers ;size:1
                                           ;@delay_ms T0CNTbits                 Allocated to registers ;size:1
                                           ;@delay_ms T0LOADbits                Allocated to registers ;size:1
                                           ;@delay_ms T0DATAbits                Allocated to registers ;size:1
                                           ;@delay_ms T1CRbits                  Allocated to registers ;size:1
                                           ;@delay_ms T1CNTbits                 Allocated to registers ;size:1
                                           ;@delay_ms T1LOADbits                Allocated to registers ;size:1
                                           ;@delay_ms T1DATAbits                Allocated to registers ;size:1
                                           ;@delay_ms T2CRbits                  Allocated to registers ;size:1
                                           ;@delay_ms T2CNTbits                 Allocated to registers ;size:1
                                           ;@delay_ms T2LOADbits                Allocated to registers ;size:1
                                           ;@delay_ms T2DATAbits                Allocated to registers ;size:1
                                           ;@delay_ms T3CRbits                  Allocated to registers ;size:1
                                           ;@delay_ms T3CNTbits                 Allocated to registers ;size:1
                                           ;@delay_ms T3LOADbits                Allocated to registers ;size:1
                                           ;@delay_ms PWM0DRbits                Allocated to registers ;size:1
                                           ;@delay_ms PWM1DRbits                Allocated to registers ;size:1
                                           ;@delay_ms PWM2DRbits                Allocated to registers ;size:1
                                           ;@delay_ms PWMCR0bits                Allocated to registers ;size:1
                                           ;@delay_ms PWMCR1bits                Allocated to registers ;size:1
                                           ;@delay_ms OSCMRbits                 Allocated to registers ;size:1
                                           ;@delay_ms LVDCRbits                 Allocated to registers ;size:1
                                           ;@delay_ms ADCR0bits                 Allocated to registers ;size:1
                                           ;@delay_ms ADCR1bits                 Allocated to registers ;size:1
                                           ;@delay_ms ADCR2bits                 Allocated to registers ;size:1
                                           ;@delay_ms OSADJCRbits               Allocated to registers ;size:1
                                           ;@delay_ms ADRHbits                  Allocated to registers ;size:1
                                           ;@delay_ms ADRLbits                  Allocated to registers ;size:1
                                           ;@delay_ms ADIOS0bits                Allocated to registers ;size:1
                                           ;@delay_ms ADIOS1bits                Allocated to registers ;size:1
                                           ;@delay_ms PMODbits                  Allocated to registers ;size:1
                                           ;@delay_ms PWMCR3bits                Allocated to registers ;size:1
                                           ;@delay_ms PWMCR2bits                Allocated to registers ;size:1
                                           ;@delay_ms PFRCAUXbits               Allocated to registers ;size:1
                                           ;@delay_ms HIRCCALbits               Allocated to registers ;size:1
                                           ;@delay_ms key_event                 Allocated to registers ;size:1
                                           ;@delay_ms mode_flag                 Allocated to registers ;size:1
                                           ;@delay_ms key_press_flag            Allocated to registers ;size:1
                                           ;@delay_ms i                         Allocated to registers ;size:1
                                           ;@delay_ms adc_val                   Allocated to registers ;size:2
                                           ;@delay_ms turn_dir_ms_cnt           Allocated to registers ;size:4
                                           ;@delay_ms shut_down_ms_cnt          Allocated to registers ;size:4
                                           ;@delay_ms adc_bat_val               Allocated to registers ;size:4
                                           ;@delay_ms adc_charging_val          Allocated to registers ;size:2
                                           ;@delay_ms max_pwm_val               Allocated to registers ;size:4
                                           ;@delay_ms last_pwm_val              Allocated to registers ;size:2
                                           ;@delay_ms tmp_val                   Allocated to registers ;size:2
                                           ;@delay_ms tmp_val_l                 Allocated to registers ;size:16
                                           ;@delay_ms tmp_val_cnt               Allocated to registers ;size:1
                                           ;@delay_ms charge_time_cnt           Allocated to registers ;size:4
                                           ;@delay_ms tmp_bat_val               Allocated to registers ;size:2
                                           ;@delay_ms over_charging_cnt         Allocated to registers ;size:1
                                           ;@delay_ms full_charge_cnt           Allocated to registers ;size:1
                                           ;@delay_ms inflation_ctl_status      Allocated to registers ;size:1
                                           ;@delay_ms pwm_duty                  Allocated to registers ;size:1
                                           ;@delay_ms pwm_counter               Allocated to registers ;size:2
                                           ;@delay_ms breath_counter            Allocated to registers ;size:1
                                           ;@delay_ms breath_direction          Allocated to registers ;size:1
                                           ;@delay_ms led_state                 Allocated to registers ;size:1
                                           ;@delay_ms abuf                      Allocated to registers ;size:1
                                           ;@delay_ms statusbuf                 Allocated to registers ;size:1
                                           ;@delay_ms flag1                     Allocated to registers ;size:1
                                           ;@delay_ms flag2                     Allocated to registers ;size:1
                                           ;@delay_ms flag3                     Allocated to registers ;size:1
                                           ;@delay_ms xms                       Allocated to registers ;size:2
                                           ;@delay_ms i                         Allocated to registers r0x1054 r0x1055 ;size:2
                                           ;@delay_ms INDF0                     Allocated to registers ;size:1
                                           ;@delay_ms INDF1                     Allocated to registers ;size:1
                                           ;@delay_ms INDF2                     Allocated to registers ;size:1
                                           ;@delay_ms HIBYTE                    Allocated to registers ;size:1
                                           ;@delay_ms FSR0                      Allocated to registers ;size:1
                                           ;@delay_ms FSR1                      Allocated to registers ;size:1
                                           ;@delay_ms PCL                       Allocated to registers ;size:1
                                           ;@delay_ms PFLAG                     Allocated to registers ;size:1
                                           ;@delay_ms MCR                       Allocated to registers ;size:1
                                           ;@delay_ms INDF3                     Allocated to registers ;size:1
                                           ;@delay_ms INTE                      Allocated to registers ;size:1
                                           ;@delay_ms INTF                      Allocated to registers ;size:1
                                           ;@delay_ms DRVCR                     Allocated to registers ;size:1
                                           ;@delay_ms PFRCCR                    Allocated to registers ;size:1
                                           ;@delay_ms P1KBCR                    Allocated to registers ;size:1
                                           ;@delay_ms PFRCCAL                   Allocated to registers ;size:1
                                           ;@delay_ms IOP0                      Allocated to registers ;size:1
                                           ;@delay_ms OEP0                      Allocated to registers ;size:1
                                           ;@delay_ms PUP0                      Allocated to registers ;size:1
                                           ;@delay_ms PDP0                      Allocated to registers ;size:1
                                           ;@delay_ms IOP1                      Allocated to registers ;size:1
                                           ;@delay_ms OEP1                      Allocated to registers ;size:1
                                           ;@delay_ms PUP1                      Allocated to registers ;size:1
                                           ;@delay_ms PDP1                      Allocated to registers ;size:1
                                           ;@delay_ms T0CR                      Allocated to registers ;size:1
                                           ;@delay_ms T0CNT                     Allocated to registers ;size:1
                                           ;@delay_ms T0LOAD                    Allocated to registers ;size:1
                                           ;@delay_ms T0DATA                    Allocated to registers ;size:1
                                           ;@delay_ms T1CR                      Allocated to registers ;size:1
                                           ;@delay_ms T1CNT                     Allocated to registers ;size:1
                                           ;@delay_ms T1LOAD                    Allocated to registers ;size:1
                                           ;@delay_ms T1DATA                    Allocated to registers ;size:1
                                           ;@delay_ms T2CR                      Allocated to registers ;size:1
                                           ;@delay_ms T2CNT                     Allocated to registers ;size:1
                                           ;@delay_ms T2LOAD                    Allocated to registers ;size:1
                                           ;@delay_ms T2DATA                    Allocated to registers ;size:1
                                           ;@delay_ms T3CR                      Allocated to registers ;size:1
                                           ;@delay_ms T3CNT                     Allocated to registers ;size:1
                                           ;@delay_ms T3LOAD                    Allocated to registers ;size:1
                                           ;@delay_ms PWM0DR                    Allocated to registers ;size:1
                                           ;@delay_ms PWM1DR                    Allocated to registers ;size:1
                                           ;@delay_ms PWM2DR                    Allocated to registers ;size:1
                                           ;@delay_ms PWMCR0                    Allocated to registers ;size:1
                                           ;@delay_ms PWMCR1                    Allocated to registers ;size:1
                                           ;@delay_ms OSCMR                     Allocated to registers ;size:1
                                           ;@delay_ms LVDCR                     Allocated to registers ;size:1
                                           ;@delay_ms ADCR0                     Allocated to registers ;size:1
                                           ;@delay_ms ADCR1                     Allocated to registers ;size:1
                                           ;@delay_ms ADCR2                     Allocated to registers ;size:1
                                           ;@delay_ms OSADJCR                   Allocated to registers ;size:1
                                           ;@delay_ms ADRH                      Allocated to registers ;size:1
                                           ;@delay_ms ADRL                      Allocated to registers ;size:1
                                           ;@delay_ms ADIOS0                    Allocated to registers ;size:1
                                           ;@delay_ms ADIOS1                    Allocated to registers ;size:1
                                           ;@delay_ms PMOD                      Allocated to registers ;size:1
                                           ;@delay_ms PWMCR3                    Allocated to registers ;size:1
                                           ;@delay_ms PWMCR2                    Allocated to registers ;size:1
                                           ;@delay_ms PFRCAUX                   Allocated to registers ;size:1
                                           ;@delay_ms HIRCCAL                   Allocated to registers ;size:1
                                           ;@end Allocation info for local variables in function 'delay_ms';
                                           ;@Allocation info for local variables in function 'CLR_RAM'
                                           ;@end Allocation info for local variables in function 'CLR_RAM';
                                           ;@Allocation info for local variables in function 'adc_config'
                                           ;@end Allocation info for local variables in function 'adc_config';
                                           ;@Allocation info for local variables in function 'adc_sel_pin'
                                           ;@adc_sel_pin adc_pin                   Allocated to registers r0x1058 ;size:1
                                           ;@end Allocation info for local variables in function 'adc_sel_pin';
                                           ;@Allocation info for local variables in function 'adc_get_val'
                                           ;@adc_get_val i                         Allocated to registers r0x105A ;size:1
                                           ;@adc_get_val g_temp_value              Allocated to registers r0x105B r0x105C ;size:2
                                           ;@adc_get_val g_tmpbuff                 Allocated to registers r0x1056 r0x1057 r0x105D r0x105F ;size:4
                                           ;@adc_get_val g_adcmax                  Allocated to registers r0x1056 r0x1057 ;size:2
                                           ;@adc_get_val g_adcmin                  Allocated to registers r0x1058 r0x1059 ;size:2
                                           ;@end Allocation info for local variables in function 'adc_get_val';
                                           ;@Allocation info for local variables in function 'Sys_Init'
                                           ;@end Allocation info for local variables in function 'Sys_Init';
                                           ;@Allocation info for local variables in function 'key_scan'
                                           ;@key_scan last_key_id               Allocated to registers ;size:1
                                           ;@key_scan press_cnt                 Allocated to registers ;size:1
                                           ;@key_scan filter_cnt                Allocated to registers ;size:1
                                           ;@key_scan filter_key_id             Allocated to registers ;size:1
                                           ;@key_scan cur_key_id                Allocated to registers ;size:1
                                           ;@key_scan flag_is_key_mode_hold     Allocated to registers ;size:1
                                           ;@end Allocation info for local variables in function 'key_scan';
                                           ;@Allocation info for local variables in function 'key_scan'
                                           ;@key_scan last_key_id               Allocated to registers ;size:1
                                           ;@key_scan press_cnt                 Allocated to registers ;size:1
                                           ;@key_scan filter_cnt                Allocated to registers ;size:1
                                           ;@key_scan filter_key_id             Allocated to registers ;size:1
                                           ;@key_scan cur_key_id                Allocated to registers ;size:1
                                           ;@key_scan flag_is_key_mode_hold     Allocated to registers ;size:1
                                           ;@end Allocation info for local variables in function 'key_scan';
                                           ;@Allocation info for local variables in function 'key_event_handle'
                                           ;@end Allocation info for local variables in function 'key_event_handle';
                                           ;@Allocation info for local variables in function 'adc_scan_handle'
                                           ;@adc_scan_handle cnt                       Allocated to registers ;size:1
                                           ;@adc_scan_handle need_charge_cnt           Allocated to registers ;size:1
                                           ;@end Allocation info for local variables in function 'adc_scan_handle';
                                           ;@Allocation info for local variables in function 'turn_dir_scan_handle'
                                           ;@end Allocation info for local variables in function 'turn_dir_scan_handle';
                                           ;@Allocation info for local variables in function 'shutdown_scan_handle'
                                           ;@end Allocation info for local variables in function 'shutdown_scan_handle';
                                           ;@Allocation info for local variables in function 'low_power_scan_handle'
                                           ;@end Allocation info for local variables in function 'low_power_scan_handle';
                                           ;@Allocation info for local variables in function 'main'
                                           ;@main i                         Allocated to registers r0x1061 ;size:1
                                           ;@main i                         Allocated to registers r0x1061 r0x1062 ;size:2
                                           ;@end Allocation info for local variables in function 'main';
                                           ;@Allocation info for local variables in function 'int_isr'
                                           ;@int_isr __1ms_cnt                 Allocated to registers ;size:1
                                           ;@int_isr key_scan_cnt              Allocated to registers ;size:1
                                           ;@int_isr low_bat_cnt               Allocated to registers ;size:2
                                           ;@int_isr shut_down_bat_cnt         Allocated to registers ;size:2
                                           ;@int_isr update_current_time_cnt   Allocated to registers ;size:2
                                           ;@int_isr cnt                       Allocated to registers ;size:2
                                           ;@int_isr cnt                       Allocated to registers ;size:2
                                           ;@end Allocation info for local variables in function 'int_isr';
                                           ;@Allocation info for local variables in function 'int_isr'
                                           ;@int_isr __1ms_cnt                 Allocated to registers ;size:1
                                           ;@int_isr key_scan_cnt              Allocated to registers ;size:1
                                           ;@int_isr low_bat_cnt               Allocated to registers ;size:2
                                           ;@int_isr shut_down_bat_cnt         Allocated to registers ;size:2
                                           ;@int_isr update_current_time_cnt   Allocated to registers ;size:2
                                           ;@int_isr cnt                       Allocated to registers ;size:2
                                           ;@int_isr cnt                       Allocated to registers ;size:2
                                           ;@end Allocation info for local variables in function 'int_isr';
                                           
                                           ;--------------------------------------------------------
                                           ; overlayable items in internal ram 
                                           ;--------------------------------------------------------
                                           ;	udata_ovr
                                           ;--------------------------------------------------------
                                           ; reset vector 
                                           ;--------------------------------------------------------
                                           STARTUP	code 0x0000
000000   a104     goto    0x104            	goto	_main
                                           ;--------------------------------------------------------
                                           ; interrupt and initialization code
                                           ;--------------------------------------------------------
                                           c_interrupt	code	0x8
                                           __sdcc_interrupt
                                           ;***
                                           ;  pBlock Stats: dbName = I
                                           ;***
                                           ;entry:  _int_isr	;Function start
                                           ; 0 exit points
                                           ;functions called:
                                           ;   _key_scan
                                           ;   _key_scan
                                           ;2 compiler assigned registers:
                                           ;   r0x106B
                                           ;   r0x106C
                                           ;; Starting pCode block
                                           _int_isr	;Function start
                                           ; 0 exit points
                                           ;	.line	1239; "MC32P7351.c"	__endasm;
                                           	;
000008   5693     movra   0x93             	movra	_abuf;
000009   4587     swapar  0x187            	swapar	_PFLAG;
00000a   5694     movra   0x94             	movra	_statusbuf;
                                           	
                                           ;	.line	1246; "MC32P7351.c"	if (T3IF & T3IE)
00000b   7620     clrr    0x20             	CLRR	r0x106B
00000c   ff8b     jbclr   0x18b, 0x7       	JBCLR	_INTFbits,7
00000d   6620     incr    0x20             	INCR	r0x106B
00000e   7621     clrr    0x21             	CLRR	r0x106C
00000f   ff8a     jbclr   0x18a, 0x7       	JBCLR	_INTEbits,7
000010   6621     incr    0x21             	INCR	r0x106C
000011   5821     movar   0x21             	MOVAR	r0x106C
000012   7a20     andra   0x20             	ANDRA	r0x106B
000013   3c00     movai   0                	MOVAI	0x00
000014   5c20     orar    0x20             	ORAR	r0x106B
000015   f587     jbclr   0x187, 0x2       	JBCLR	PFLAG,2
000016   a0ff     goto    0xff             	GOTO	_01018_DS_
                                           ;	.line	1250; "MC32P7351.c"	__1ms_cnt++;
000017   662a     incr    0x2a             	INCR	_int_isr___1ms_cnt_196608_221
                                           ;;unsigned compare: left < lit(0xA=10), size=1
                                           ;	.line	1251; "MC32P7351.c"	if (__1ms_cnt >= 10)
000018   3c0a     movai   0xa              	MOVAI	0x0a
000019   482a     rsubar  0x2a             	RSUBAR	_int_isr___1ms_cnt_196608_221
00001a   e187     jbset   0x187, 0         	JBSET	PFLAG,0
00001b   a0b9     goto    0xb9             	GOTO	_00994_DS_
                                           ;;genSkipc:3291: created from rifx:013B5EFC
                                           ;	.line	1253; "MC32P7351.c"	__1ms_cnt = 0;
00001c   762a     clrr    0x2a             	CLRR	_int_isr___1ms_cnt_196608_221
                                           ;	.line	1257; "MC32P7351.c"	key_scan_cnt++;
00001d   662b     incr    0x2b             	INCR	_int_isr_key_scan_cnt_327680_223
                                           ;;unsigned compare: left < lit(0xA=10), size=1
                                           ;	.line	1258; "MC32P7351.c"	if (key_scan_cnt >= 10)
00001e   3c0a     movai   0xa              	MOVAI	0x0a
00001f   482b     rsubar  0x2b             	RSUBAR	_int_isr_key_scan_cnt_327680_223
000020   e187     jbset   0x187, 0         	JBSET	PFLAG,0
000021   a024     goto    0x24             	GOTO	_00965_DS_
                                           ;;genSkipc:3291: created from rifx:013B5EFC
                                           ;	.line	1260; "MC32P7351.c"	key_scan_cnt = 0;
000022   762b     clrr    0x2b             	CLRR	_int_isr_key_scan_cnt_327680_223
                                           ;	.line	1261; "MC32P7351.c"	key_scan();
000023   854a     call    0x54a            	CALL	_key_scan
                                           _00965_DS_
                                           ;	.line	1265; "MC32P7351.c"	if (FLAG_IS_DEVICE_OPEN)
000024   e095     jbset   0x95, 0          	JBSET	_flag1,0
000025   a034     goto    0x34             	GOTO	_00967_DS_
                                           ;	.line	1267; "MC32P7351.c"	turn_dir_ms_cnt++;  // 会在 turn_dir_scan_handle() 内处理并清零
000026   666d     incr    0x6d             	INCR	_turn_dir_ms_cnt
000027   f587     jbclr   0x187, 0x2       	JBCLR	PFLAG,2
000028   666e     incr    0x6e             	INCR	(_turn_dir_ms_cnt + 1)
000029   f587     jbclr   0x187, 0x2       	JBCLR	PFLAG,2
00002a   666f     incr    0x6f             	INCR	(_turn_dir_ms_cnt + 2)
00002b   f587     jbclr   0x187, 0x2       	JBCLR	PFLAG,2
00002c   6670     incr    0x70             	INCR	(_turn_dir_ms_cnt + 3)
                                           ;	.line	1268; "MC32P7351.c"	shut_down_ms_cnt++; // 会在 shutdown_scan_handle() 内处理并清零
00002d   6671     incr    0x71             	INCR	_shut_down_ms_cnt
00002e   f587     jbclr   0x187, 0x2       	JBCLR	PFLAG,2
00002f   6672     incr    0x72             	INCR	(_shut_down_ms_cnt + 1)
000030   f587     jbclr   0x187, 0x2       	JBCLR	PFLAG,2
000031   6673     incr    0x73             	INCR	(_shut_down_ms_cnt + 2)
000032   f587     jbclr   0x187, 0x2       	JBCLR	PFLAG,2
000033   6674     incr    0x74             	INCR	(_shut_down_ms_cnt + 3)
                                           _00967_DS_
                                           ;	.line	1275; "MC32P7351.c"	if (flag_maybe_low_battery)
000034   e497     jbset   0x97, 0x2        	JBSET	_flag3,2
000035   a045     goto    0x45             	GOTO	_00971_DS_
                                           ;	.line	1277; "MC32P7351.c"	low_bat_cnt++;
000036   662c     incr    0x2c             	INCR	_int_isr_low_bat_cnt_327680_226
000037   f587     jbclr   0x187, 0x2       	JBCLR	PFLAG,2
000038   662d     incr    0x2d             	INCR	(_int_isr_low_bat_cnt_327680_226 + 1)
                                           ;;unsigned compare: left < lit(0x1388=5000), size=2
                                           ;	.line	1279; "MC32P7351.c"	if (low_bat_cnt >= 5000) // xx ms
000039   3c13     movai   0x13             	MOVAI	0x13
00003a   482d     rsubar  0x2d             	RSUBAR	(_int_isr_low_bat_cnt_327680_226 + 1)
00003b   e587     jbset   0x187, 0x2       	JBSET	PFLAG,2
00003c   a03f     goto    0x3f             	GOTO	_01115_DS_
00003d   3c88     movai   0x88             	MOVAI	0x88
00003e   482c     rsubar  0x2c             	RSUBAR	_int_isr_low_bat_cnt_327680_226
                                           _01115_DS_
00003f   e187     jbset   0x187, 0         	JBSET	PFLAG,0
000040   a047     goto    0x47             	GOTO	_00972_DS_
                                           ;;genSkipc:3291: created from rifx:013B5EFC
                                           ;	.line	1281; "MC32P7351.c"	low_bat_cnt = 0;
000041   762c     clrr    0x2c             	CLRR	_int_isr_low_bat_cnt_327680_226
000042   762d     clrr    0x2d             	CLRR	(_int_isr_low_bat_cnt_327680_226 + 1)
                                           ;	.line	1282; "MC32P7351.c"	flag_is_low_battery = 1;
000043   c496     bset    0x96, 0x2        	BSET	_flag2,2
000044   a047     goto    0x47             	GOTO	_00972_DS_
                                           _00971_DS_
                                           ;	.line	1287; "MC32P7351.c"	low_bat_cnt = 0;
000045   762c     clrr    0x2c             	CLRR	_int_isr_low_bat_cnt_327680_226
000046   762d     clrr    0x2d             	CLRR	(_int_isr_low_bat_cnt_327680_226 + 1)
                                           _00972_DS_
                                           ;	.line	1293; "MC32P7351.c"	if (flag_tim_scan_maybe_shut_down)
000047   e697     jbset   0x97, 0x3        	JBSET	_flag3,3
000048   a058     goto    0x58             	GOTO	_00976_DS_
                                           ;	.line	1295; "MC32P7351.c"	shut_down_bat_cnt++;
000049   662e     incr    0x2e             	INCR	_int_isr_shut_down_bat_cnt_327680_230
00004a   f587     jbclr   0x187, 0x2       	JBCLR	PFLAG,2
00004b   662f     incr    0x2f             	INCR	(_int_isr_shut_down_bat_cnt_327680_230 + 1)
                                           ;;unsigned compare: left < lit(0x3E8=1000), size=2
                                           ;	.line	1296; "MC32P7351.c"	if (shut_down_bat_cnt >= 1000) // xx ms
00004c   3c03     movai   0x3              	MOVAI	0x03
00004d   482f     rsubar  0x2f             	RSUBAR	(_int_isr_shut_down_bat_cnt_327680_230 + 1)
00004e   e587     jbset   0x187, 0x2       	JBSET	PFLAG,2
00004f   a052     goto    0x52             	GOTO	_01116_DS_
000050   3ce8     movai   0xe8             	MOVAI	0xe8
000051   482e     rsubar  0x2e             	RSUBAR	_int_isr_shut_down_bat_cnt_327680_230
                                           _01116_DS_
000052   e187     jbset   0x187, 0         	JBSET	PFLAG,0
000053   a05a     goto    0x5a             	GOTO	_00977_DS_
                                           ;;genSkipc:3291: created from rifx:013B5EFC
                                           ;	.line	1298; "MC32P7351.c"	shut_down_bat_cnt = 0;
000054   762e     clrr    0x2e             	CLRR	_int_isr_shut_down_bat_cnt_327680_230
000055   762f     clrr    0x2f             	CLRR	(_int_isr_shut_down_bat_cnt_327680_230 + 1)
                                           ;	.line	1299; "MC32P7351.c"	flag_is_needed_shut_down = 1;
000056   c897     bset    0x97, 0x4        	BSET	_flag3,4
000057   a05a     goto    0x5a             	GOTO	_00977_DS_
                                           _00976_DS_
                                           ;	.line	1304; "MC32P7351.c"	shut_down_bat_cnt = 0;
000058   762e     clrr    0x2e             	CLRR	_int_isr_shut_down_bat_cnt_327680_230
000059   762f     clrr    0x2f             	CLRR	(_int_isr_shut_down_bat_cnt_327680_230 + 1)
                                           _00977_DS_
                                           ;	.line	1311; "MC32P7351.c"	if (FLAG_IS_IN_CHARGING)
00005a   e495     jbset   0x95, 0x2        	JBSET	_flag1,2
00005b   a072     goto    0x72             	GOTO	_00981_DS_
                                           ;	.line	1313; "MC32P7351.c"	update_current_time_cnt++;
00005c   6630     incr    0x30             	INCR	_int_isr_update_current_time_cnt_327680_234
00005d   f587     jbclr   0x187, 0x2       	JBCLR	PFLAG,2
00005e   6631     incr    0x31             	INCR	(_int_isr_update_current_time_cnt_327680_234 + 1)
                                           ;;unsigned compare: left < lit(0x1F4=500), size=2
                                           ;	.line	1314; "MC32P7351.c"	if (update_current_time_cnt >= 500)
00005f   3c01     movai   0x1              	MOVAI	0x01
000060   4831     rsubar  0x31             	RSUBAR	(_int_isr_update_current_time_cnt_327680_234 + 1)
000061   e587     jbset   0x187, 0x2       	JBSET	PFLAG,2
000062   a065     goto    0x65             	GOTO	_01117_DS_
000063   3cf4     movai   0xf4             	MOVAI	0xf4
000064   4830     rsubar  0x30             	RSUBAR	_int_isr_update_current_time_cnt_327680_234
                                           _01117_DS_
000065   e187     jbset   0x187, 0         	JBSET	PFLAG,0
000066   a06a     goto    0x6a             	GOTO	_00979_DS_
                                           ;;genSkipc:3291: created from rifx:013B5EFC
                                           ;	.line	1316; "MC32P7351.c"	update_current_time_cnt = 0;
000067   7630     clrr    0x30             	CLRR	_int_isr_update_current_time_cnt_327680_234
000068   7631     clrr    0x31             	CLRR	(_int_isr_update_current_time_cnt_327680_234 + 1)
                                           ;	.line	1317; "MC32P7351.c"	flag_is_update_current = 1;
000069   ca97     bset    0x97, 0x5        	BSET	_flag3,5
                                           _00979_DS_
                                           ;	.line	1320; "MC32P7351.c"	charge_time_cnt++;
00006a   667d     incr    0x7d             	INCR	_charge_time_cnt
00006b   f587     jbclr   0x187, 0x2       	JBCLR	PFLAG,2
00006c   667e     incr    0x7e             	INCR	(_charge_time_cnt + 1)
00006d   f587     jbclr   0x187, 0x2       	JBCLR	PFLAG,2
00006e   667f     incr    0x7f             	INCR	(_charge_time_cnt + 2)
00006f   f587     jbclr   0x187, 0x2       	JBCLR	PFLAG,2
000070   6680     incr    0x80             	INCR	(_charge_time_cnt + 3)
000071   a076     goto    0x76             	GOTO	_00982_DS_
                                           _00981_DS_
                                           ;	.line	1324; "MC32P7351.c"	charge_time_cnt = 0;
000072   767d     clrr    0x7d             	CLRR	_charge_time_cnt
000073   767e     clrr    0x7e             	CLRR	(_charge_time_cnt + 1)
000074   767f     clrr    0x7f             	CLRR	(_charge_time_cnt + 2)
000075   7680     clrr    0x80             	CLRR	(_charge_time_cnt + 3)
                                           _00982_DS_
                                           ;	.line	1335; "MC32P7351.c"	cnt++;
000076   6632     incr    0x32             	INCR	_int_isr_cnt_327680_238
000077   f587     jbclr   0x187, 0x2       	JBCLR	PFLAG,2
000078   6633     incr    0x33             	INCR	(_int_isr_cnt_327680_238 + 1)
                                           ;;swapping arguments (AOP_TYPEs 1/3)
                                           ;;unsigned compare: left >= lit(0x1F5=501), size=2
                                           ;	.line	1336; "MC32P7351.c"	if (cnt > 500)
000079   3c01     movai   0x1              	MOVAI	0x01
00007a   4833     rsubar  0x33             	RSUBAR	(_int_isr_cnt_327680_238 + 1)
00007b   e587     jbset   0x187, 0x2       	JBSET	PFLAG,2
00007c   a07f     goto    0x7f             	GOTO	_01118_DS_
00007d   3cf5     movai   0xf5             	MOVAI	0xf5
00007e   4832     rsubar  0x32             	RSUBAR	_int_isr_cnt_327680_238
                                           _01118_DS_
00007f   e187     jbset   0x187, 0         	JBSET	PFLAG,0
000080   a084     goto    0x84             	GOTO	_00984_DS_
                                           ;;genSkipc:3291: created from rifx:013B5EFC
                                           ;	.line	1338; "MC32P7351.c"	cnt = 0;
000081   7632     clrr    0x32             	CLRR	_int_isr_cnt_327680_238
000082   7633     clrr    0x33             	CLRR	(_int_isr_cnt_327680_238 + 1)
                                           ;	.line	1339; "MC32P7351.c"	flag_is_adjust_pwm_time_comes = 1;
000083   cc97     bset    0x97, 0x6        	BSET	_flag3,6
                                           _00984_DS_
                                           ;	.line	1345; "MC32P7351.c"	cnt++;
000084   6634     incr    0x34             	INCR	_int_isr_cnt_327680_240
000085   f587     jbclr   0x187, 0x2       	JBCLR	PFLAG,2
000086   6635     incr    0x35             	INCR	(_int_isr_cnt_327680_240 + 1)
                                           ;	.line	1346; "MC32P7351.c"	switch (inflation_ctl_status)
000087   5892     movar   0x92             	MOVAR	_inflation_ctl_status
000088   5620     movra   0x20             	MOVRA	r0x106B
                                           ;;swapping arguments (AOP_TYPEs 1/2)
                                           ;;unsigned compare: left >= lit(0x3=3), size=1
000089   3c03     movai   0x3              	MOVAI	0x03
00008a   4820     rsubar  0x20             	RSUBAR	r0x106B
00008b   f187     jbclr   0x187, 0         	JBCLR	PFLAG,0
00008c   a0a4     goto    0xa4             	GOTO	_00988_DS_
                                           ;;genSkipc:3291: created from rifx:013B5EFC
00008d   5820     movar   0x20             	MOVAR	r0x106B
00008e   7f86     addra   0x186            	ADDRA	PCL
00008f   a092     goto    0x92             	GOTO	_00985_DS_
000090   a097     goto    0x97             	GOTO	_00986_DS_
000091   a09e     goto    0x9e             	GOTO	_00987_DS_
                                           _00985_DS_
                                           ;	.line	1350; "MC32P7351.c"	cnt = 0;
000092   7634     clrr    0x34             	CLRR	_int_isr_cnt_327680_240
000093   7635     clrr    0x35             	CLRR	(_int_isr_cnt_327680_240 + 1)
                                           ;	.line	1351; "MC32P7351.c"	INFLATION_CTL_OFF();
000094   d790     bclr    0x190, 0x3       	BCLR	_IOP0bits,3
                                           ;	.line	1352; "MC32P7351.c"	DEFLATION_CTL_OFF();
000095   d794     bclr    0x194, 0x3       	BCLR	_IOP1bits,3
                                           ;	.line	1354; "MC32P7351.c"	break;
000096   a0a4     goto    0xa4             	GOTO	_00988_DS_
                                           _00986_DS_
                                           ;	.line	1359; "MC32P7351.c"	cnt = 0;
000097   7634     clrr    0x34             	CLRR	_int_isr_cnt_327680_240
000098   7635     clrr    0x35             	CLRR	(_int_isr_cnt_327680_240 + 1)
                                           ;	.line	1360; "MC32P7351.c"	DEFLATION_CTL_OFF();
000099   d794     bclr    0x194, 0x3       	BCLR	_IOP1bits,3
                                           ;	.line	1361; "MC32P7351.c"	INFLATION_CTL_ON();
00009a   c790     bset    0x190, 0x3       	BSET	_IOP0bits,3
                                           ;	.line	1362; "MC32P7351.c"	inflation_ctl_status = INFLATION_CTL_STATUS_INFLATION_HANDLING;
00009b   3c03     movai   0x3              	MOVAI	0x03
00009c   5692     movra   0x92             	MOVRA	_inflation_ctl_status
                                           ;	.line	1364; "MC32P7351.c"	break;
00009d   a0a4     goto    0xa4             	GOTO	_00988_DS_
                                           _00987_DS_
                                           ;	.line	1369; "MC32P7351.c"	cnt = 0;
00009e   7634     clrr    0x34             	CLRR	_int_isr_cnt_327680_240
00009f   7635     clrr    0x35             	CLRR	(_int_isr_cnt_327680_240 + 1)
                                           ;	.line	1370; "MC32P7351.c"	INFLATION_CTL_OFF();
0000a0   d790     bclr    0x190, 0x3       	BCLR	_IOP0bits,3
                                           ;	.line	1371; "MC32P7351.c"	DEFLATION_CTL_ON();
0000a1   c794     bset    0x194, 0x3       	BSET	_IOP1bits,3
                                           ;	.line	1372; "MC32P7351.c"	inflation_ctl_status = INFLATION_CTL_STATUS_DEFLATION_HANDLING;
0000a2   3c04     movai   0x4              	MOVAI	0x04
0000a3   5692     movra   0x92             	MOVRA	_inflation_ctl_status
                                           _00988_DS_
                                           ;	.line	1378; "MC32P7351.c"	if (INFLATION_CTL_STATUS_INFLATION_HANDLING == inflation_ctl_status &&
0000a4   5892     movar   0x92             	MOVAR	_inflation_ctl_status
0000a5   3903     xorai   0x3              	XORAI	0x03
0000a6   e587     jbset   0x187, 0x2       	JBSET	PFLAG,2
0000a7   a0b0     goto    0xb0             	GOTO	_00992_DS_
                                           ;;unsigned compare: left < lit(0x2EE0=12000), size=2
                                           ;	.line	1379; "MC32P7351.c"	(cnt >= ((u16)12 * 1000)) ||
0000a8   3c2e     movai   0x2e             	MOVAI	0x2e
0000a9   4835     rsubar  0x35             	RSUBAR	(_int_isr_cnt_327680_240 + 1)
0000aa   e587     jbset   0x187, 0x2       	JBSET	PFLAG,2
0000ab   a0ae     goto    0xae             	GOTO	_01121_DS_
0000ac   3ce0     movai   0xe0             	MOVAI	0xe0
0000ad   4834     rsubar  0x34             	RSUBAR	_int_isr_cnt_327680_240
                                           _01121_DS_
0000ae   f187     jbclr   0x187, 0         	JBCLR	PFLAG,0
0000af   a0b8     goto    0xb8             	GOTO	_00989_DS_
                                           ;;genSkipc:3291: created from rifx:013B5EFC
                                           ;;unsigned compare: left < lit(0x3A98=15000), size=2
                                           _00992_DS_
                                           ;	.line	1380; "MC32P7351.c"	(cnt >= (u16)15000))
0000b0   3c3a     movai   0x3a             	MOVAI	0x3a
0000b1   4835     rsubar  0x35             	RSUBAR	(_int_isr_cnt_327680_240 + 1)
0000b2   e587     jbset   0x187, 0x2       	JBSET	PFLAG,2
0000b3   a0b6     goto    0xb6             	GOTO	_01122_DS_
0000b4   3c98     movai   0x98             	MOVAI	0x98
0000b5   4834     rsubar  0x34             	RSUBAR	_int_isr_cnt_327680_240
                                           _01122_DS_
0000b6   e187     jbset   0x187, 0         	JBSET	PFLAG,0
0000b7   a0b9     goto    0xb9             	GOTO	_00994_DS_
                                           ;;genSkipc:3291: created from rifx:013B5EFC
                                           _00989_DS_
                                           ;	.line	1383; "MC32P7351.c"	inflation_ctl_status = INFLATION_CTL_STATUS_NONE;
0000b8   7692     clrr    0x92             	CLRR	_inflation_ctl_status
                                           _00994_DS_
                                           ;	.line	1390; "MC32P7351.c"	if (FLAG_IS_IN_CHARGING && 0 == FLAG_BAT_IS_FULL && 0 == flag_is_led_breath_disable)
0000b9   e495     jbset   0x95, 0x2        	JBSET	_flag1,2
0000ba   a0fe     goto    0xfe             	GOTO	_01014_DS_
0000bb   fa95     jbclr   0x95, 0x5        	JBCLR	_flag1,5
0000bc   a0fe     goto    0xfe             	GOTO	_01014_DS_
0000bd   fe95     jbclr   0x95, 0x7        	JBCLR	_flag1,7
0000be   a0fe     goto    0xfe             	GOTO	_01014_DS_
                                           ;	.line	1393; "MC32P7351.c"	if (pwm_counter < pwm_duty)
0000bf   583a     movar   0x3a             	MOVAR	_pwm_duty
0000c0   5620     movra   0x20             	MOVRA	r0x106B
0000c1   7621     clrr    0x21             	CLRR	r0x106C
0000c2   3c00     movai   0                	MOVAI	0x00
0000c3   4838     rsubar  0x38             	RSUBAR	(_pwm_counter + 1)
0000c4   e587     jbset   0x187, 0x2       	JBSET	PFLAG,2
0000c5   a0c8     goto    0xc8             	GOTO	_01123_DS_
0000c6   5820     movar   0x20             	MOVAR	r0x106B
0000c7   4837     rsubar  0x37             	RSUBAR	_pwm_counter
                                           _01123_DS_
0000c8   f187     jbclr   0x187, 0         	JBCLR	PFLAG,0
0000c9   a0cd     goto    0xcd             	GOTO	_00996_DS_
                                           ;;genSkipc:3291: created from rifx:013B5EFC
                                           ;	.line	1395; "MC32P7351.c"	led_state = 1; // LED亮
0000ca   3c01     movai   0x1              	MOVAI	0x01
0000cb   5636     movra   0x36             	MOVRA	_led_state
0000cc   a0ce     goto    0xce             	GOTO	_00997_DS_
                                           _00996_DS_
                                           ;	.line	1399; "MC32P7351.c"	led_state = 0; // LED灭
0000cd   7636     clrr    0x36             	CLRR	_led_state
                                           _00997_DS_
                                           ;	.line	1403; "MC32P7351.c"	pwm_counter++;
0000ce   6637     incr    0x37             	INCR	_pwm_counter
0000cf   f587     jbclr   0x187, 0x2       	JBCLR	PFLAG,2
0000d0   6638     incr    0x38             	INCR	(_pwm_counter + 1)
                                           ;;unsigned compare: left < lit(0x64=100), size=2
                                           ;	.line	1404; "MC32P7351.c"	if (pwm_counter >= PWM_MAX_LEVEL)
0000d1   3c00     movai   0                	MOVAI	0x00
0000d2   4838     rsubar  0x38             	RSUBAR	(_pwm_counter + 1)
0000d3   e587     jbset   0x187, 0x2       	JBSET	PFLAG,2
0000d4   a0d7     goto    0xd7             	GOTO	_01124_DS_
0000d5   3c64     movai   0x64             	MOVAI	0x64
0000d6   4837     rsubar  0x37             	RSUBAR	_pwm_counter
                                           _01124_DS_
0000d7   e187     jbset   0x187, 0         	JBSET	PFLAG,0
0000d8   a0db     goto    0xdb             	GOTO	_00999_DS_
                                           ;;genSkipc:3291: created from rifx:013B5EFC
                                           ;	.line	1406; "MC32P7351.c"	pwm_counter = 0;
0000d9   7637     clrr    0x37             	CLRR	_pwm_counter
0000da   7638     clrr    0x38             	CLRR	(_pwm_counter + 1)
                                           _00999_DS_
                                           ;	.line	1410; "MC32P7351.c"	breath_counter++;
0000db   6639     incr    0x39             	INCR	_breath_counter
                                           ;;unsigned compare: left < lit(0xC8=200), size=1
                                           ;	.line	1411; "MC32P7351.c"	if (breath_counter >= BREATH_PERIOD)
0000dc   3cc8     movai   0xc8             	MOVAI	0xc8
0000dd   4839     rsubar  0x39             	RSUBAR	_breath_counter
0000de   e187     jbset   0x187, 0         	JBSET	PFLAG,0
0000df   a0f7     goto    0xf7             	GOTO	_01009_DS_
                                           ;;genSkipc:3291: created from rifx:013B5EFC
                                           ;	.line	1413; "MC32P7351.c"	breath_counter = 0;
0000e0   7639     clrr    0x39             	CLRR	_breath_counter
                                           ;	.line	1416; "MC32P7351.c"	if (breath_direction == 0)
0000e1   3c00     movai   0                	MOVAI	0x00
0000e2   5c3b     orar    0x3b             	ORAR	_breath_direction
0000e3   e587     jbset   0x187, 0x2       	JBSET	PFLAG,2
0000e4   a0ef     goto    0xef             	GOTO	_01006_DS_
                                           ;	.line	1419; "MC32P7351.c"	pwm_duty++;
0000e5   663a     incr    0x3a             	INCR	_pwm_duty
                                           ;;unsigned compare: left < lit(0x64=100), size=1
                                           ;	.line	1420; "MC32P7351.c"	if (pwm_duty >= PWM_MAX_LEVEL)
0000e6   3c64     movai   0x64             	MOVAI	0x64
0000e7   483a     rsubar  0x3a             	RSUBAR	_pwm_duty
0000e8   e187     jbset   0x187, 0         	JBSET	PFLAG,0
0000e9   a0f7     goto    0xf7             	GOTO	_01009_DS_
                                           ;;genSkipc:3291: created from rifx:013B5EFC
                                           ;	.line	1422; "MC32P7351.c"	pwm_duty = PWM_MAX_LEVEL;
0000ea   3c64     movai   0x64             	MOVAI	0x64
0000eb   563a     movra   0x3a             	MOVRA	_pwm_duty
                                           ;	.line	1423; "MC32P7351.c"	breath_direction = 1; // 切换到渐暗
0000ec   3c01     movai   0x1              	MOVAI	0x01
0000ed   563b     movra   0x3b             	MOVRA	_breath_direction
0000ee   a0f7     goto    0xf7             	GOTO	_01009_DS_
                                           _01006_DS_
                                           ;	.line	1429; "MC32P7351.c"	if (pwm_duty > 0)
0000ef   3c00     movai   0                	MOVAI	0x00
0000f0   5c3a     orar    0x3a             	ORAR	_pwm_duty
0000f1   f587     jbclr   0x187, 0x2       	JBCLR	PFLAG,2
0000f2   a0f5     goto    0xf5             	GOTO	_01003_DS_
                                           ;	.line	1431; "MC32P7351.c"	pwm_duty--;
0000f3   6e3a     decr    0x3a             	DECR	_pwm_duty
0000f4   a0f7     goto    0xf7             	GOTO	_01009_DS_
                                           _01003_DS_
                                           ;	.line	1435; "MC32P7351.c"	pwm_duty = 0;
0000f5   763a     clrr    0x3a             	CLRR	_pwm_duty
                                           ;	.line	1436; "MC32P7351.c"	breath_direction = 0; // 切换到渐亮
0000f6   763b     clrr    0x3b             	CLRR	_breath_direction
                                           _01009_DS_
                                           ;	.line	1443; "MC32P7351.c"	if (led_state)
0000f7   3c00     movai   0                	MOVAI	0x00
0000f8   5c36     orar    0x36             	ORAR	_led_state
0000f9   f587     jbclr   0x187, 0x2       	JBCLR	PFLAG,2
0000fa   a0fd     goto    0xfd             	GOTO	_01011_DS_
                                           ;	.line	1445; "MC32P7351.c"	LED_CHARGING_PIN = LED_ON;
0000fb   d990     bclr    0x190, 0x4       	BCLR	_IOP0bits,4
0000fc   a0fe     goto    0xfe             	GOTO	_01014_DS_
                                           _01011_DS_
                                           ;	.line	1449; "MC32P7351.c"	LED_CHARGING_PIN = LED_OFF;
0000fd   c990     bset    0x190, 0x4       	BSET	_IOP0bits,4
                                           _01014_DS_
                                           ;	.line	1453; "MC32P7351.c"	T3IF = 0;
0000fe   df8b     bclr    0x18b, 0x7       	BCLR	_INTFbits,7
                                           _01018_DS_
                                           ;	.line	1461; "MC32P7351.c"	__endasm;
                                           	;
0000ff   4494     swapar  0x94             	swapar	_statusbuf;
000100   5787     movra   0x187            	movra	_PFLAG;
000101   4693     swapr   0x93             	swapr	_abuf;
000102   4493     swapar  0x93             	swapar	_abuf;
                                           	
                                           END_OF_INTERRUPT
                                           ;	.line	1462; "MC32P7351.c"	}
000103   000d     retie                    	RETIE	
                                           
                                           ;--------------------------------------------------------
                                           ; code
                                           ;--------------------------------------------------------
                                           code_MC32P7351	code
                                           ;***
                                           ;  pBlock Stats: dbName = M
                                           ;***
                                           ;entry:  _main	;Function start
                                           ; 2 exit points
                                           ;has an exit
                                           ;functions called:
                                           ;   _Sys_Init
                                           ;   _adc_sel_pin
                                           ;   _adc_get_val
                                           ;   _delay_ms
                                           ;   _delay_ms
                                           ;   _key_event_handle
                                           ;   _adc_scan_handle
                                           ;   _turn_dir_scan_handle
                                           ;   _shutdown_scan_handle
                                           ;   __mullong
                                           ;   __divulong
                                           ;   __mullong
                                           ;   __mullong
                                           ;   __divulong
                                           ;   __divulong
                                           ;   _key_event_handle
                                           ;   _delay_ms
                                           ;   _key_event_handle
                                           ;   _delay_ms
                                           ;   _low_power_scan_handle
                                           ;   _Sys_Init
                                           ;   _adc_sel_pin
                                           ;   _adc_get_val
                                           ;   _delay_ms
                                           ;   _delay_ms
                                           ;   _key_event_handle
                                           ;   _adc_scan_handle
                                           ;   _turn_dir_scan_handle
                                           ;   _shutdown_scan_handle
                                           ;   __mullong
                                           ;   __divulong
                                           ;   __mullong
                                           ;   __mullong
                                           ;   __divulong
                                           ;   __divulong
                                           ;   _key_event_handle
                                           ;   _delay_ms
                                           ;   _key_event_handle
                                           ;   _delay_ms
                                           ;   _low_power_scan_handle
                                           ;17 compiler assigned registers:
                                           ;   STK00
                                           ;   r0x1061
                                           ;   r0x1062
                                           ;   STK06
                                           ;   STK05
                                           ;   STK04
                                           ;   STK03
                                           ;   STK02
                                           ;   STK01
                                           ;   r0x1063
                                           ;   r0x1064
                                           ;   r0x1065
                                           ;   r0x1066
                                           ;   r0x1067
                                           ;   r0x1068
                                           ;   r0x1069
                                           ;   r0x106A
                                           ;; Starting pCode block
                                           _main	;Function start
                                           ; 2 exit points
                                           ;	.line	958; "MC32P7351.c"	Sys_Init();
000104   85b5     call    0x5b5            	CALL	_Sys_Init
                                           ;	.line	965; "MC32P7351.c"	PWM2EC = 1; // 打开控制升压电路的pwm
000105   cda0     bset    0x1a0, 0x6       	BSET	_T2CRbits,6
                                           ;	.line	966; "MC32P7351.c"	T2DATA = 100;
000106   3c64     movai   0x64             	MOVAI	0x64
000107   57a3     movra   0x1a3            	MOVRA	_T2DATA
                                           ;	.line	967; "MC32P7351.c"	adc_sel_pin(ADC_PIN_P02_AN1); // 切换到检测电池降压后的电压的检测引脚
000108   3c02     movai   0x2              	MOVAI	0x02
000109   868b     call    0x68b            	CALL	_adc_sel_pin
                                           ;	.line	968; "MC32P7351.c"	for (i = 0; i < 10; i++)      // 每55ms进入一次，循环内每次间隔约4.8ms
00010a   768e     clrr    0x8e             	CLRR	_i
                                           ;;unsigned compare: left < lit(0xA=10), size=1
                                           _00818_DS_
00010b   3c0a     movai   0xa              	MOVAI	0x0a
00010c   488e     rsubar  0x8e             	RSUBAR	_i
00010d   f187     jbclr   0x187, 0         	JBCLR	PFLAG,0
00010e   a11e     goto    0x11e            	GOTO	_00766_DS_
                                           ;;genSkipc:3291: created from rifx:013B5EFC
                                           ;	.line	970; "MC32P7351.c"	adc_val = adc_get_val();
00010f   85ee     call    0x5ee            	CALL	_adc_get_val
000110   5682     movra   0x82             	MOVRA	(_adc_val + 1)
000111   5806     movar   0x6              	MOVAR	STK00
000112   5681     movra   0x81             	MOVRA	_adc_val
                                           ;;unsigned compare: left < lit(0xF52=3922), size=2
                                           ;	.line	971; "MC32P7351.c"	if (adc_val >= ADCDETECT_BAT_FULL + ADCDETECT_BAT_NULL_EX)
000113   3c0f     movai   0xf              	MOVAI	0x0f
000114   4882     rsubar  0x82             	RSUBAR	(_adc_val + 1)
000115   e587     jbset   0x187, 0x2       	JBSET	PFLAG,2
000116   a119     goto    0x119            	GOTO	_00946_DS_
000117   3c52     movai   0x52             	MOVAI	0x52
000118   4881     rsubar  0x81             	RSUBAR	_adc_val
                                           _00946_DS_
000119   e187     jbset   0x187, 0         	JBSET	PFLAG,0
00011a   a11c     goto    0x11c            	GOTO	_00819_DS_
                                           ;;genSkipc:3291: created from rifx:013B5EFC
                                           ;	.line	973; "MC32P7351.c"	flag_bat_is_empty = 1;
00011b   ce97     bset    0x97, 0x7        	BSET	_flag3,7
                                           _00819_DS_
                                           ;	.line	968; "MC32P7351.c"	for (i = 0; i < 10; i++)      // 每55ms进入一次，循环内每次间隔约4.8ms
00011c   668e     incr    0x8e             	INCR	_i
00011d   a10b     goto    0x10b            	GOTO	_00818_DS_
                                           _00766_DS_
                                           ;	.line	976; "MC32P7351.c"	PWM2EC = 0; // 关闭控制升压电路的pwm
00011e   dda0     bclr    0x1a0, 0x6       	BCLR	_T2CRbits,6
                                           ;	.line	977; "MC32P7351.c"	T2DATA = 0;
00011f   77a3     clrr    0x1a3            	CLRR	_T2DATA
                                           _00815_DS_
                                           ;	.line	986; "MC32P7351.c"	if (flag_bat_is_empty)
000120   ee97     jbset   0x97, 0x7        	JBSET	_flag3,7
000121   a12d     goto    0x12d            	GOTO	_00768_DS_
                                           ;	.line	989; "MC32P7351.c"	LED_CHARGING_PIN = LED_ON;
000122   d990     bclr    0x190, 0x4       	BCLR	_IOP0bits,4
                                           ;	.line	990; "MC32P7351.c"	delay_ms(500);
000123   3cf4     movai   0xf4             	MOVAI	0xf4
000124   5606     movra   0x6              	MOVRA	STK00
000125   3c01     movai   0x1              	MOVAI	0x01
000126   86ba     call    0x6ba            	CALL	_delay_ms
                                           ;	.line	991; "MC32P7351.c"	LED_CHARGING_PIN = LED_OFF;
000127   c990     bset    0x190, 0x4       	BSET	_IOP0bits,4
                                           ;	.line	992; "MC32P7351.c"	delay_ms(500);
000128   3cf4     movai   0xf4             	MOVAI	0xf4
000129   5606     movra   0x6              	MOVRA	STK00
00012a   3c01     movai   0x1              	MOVAI	0x01
00012b   86ba     call    0x6ba            	CALL	_delay_ms
                                           ;	.line	993; "MC32P7351.c"	continue;
00012c   a120     goto    0x120            	GOTO	_00815_DS_
                                           _00768_DS_
                                           ;	.line	997; "MC32P7351.c"	key_event_handle(); // 按键事件处理函数，扫描在中断服务函数内执行
00012d   84e5     call    0x4e5            	CALL	_key_event_handle
                                           ;	.line	998; "MC32P7351.c"	adc_scan_handle();  // 充电扫描和处理函数(约占用89ms)
00012e   83d5     call    0x3d5            	CALL	_adc_scan_handle
                                           ;	.line	1000; "MC32P7351.c"	turn_dir_scan_handle();
00012f   83a5     call    0x3a5            	CALL	_turn_dir_scan_handle
                                           ;	.line	1001; "MC32P7351.c"	shutdown_scan_handle(); // 自动关机检测和处理函数
000130   8382     call    0x382            	CALL	_shutdown_scan_handle
                                           ;	.line	1005; "MC32P7351.c"	if (FLAG_IS_IN_CHARGING)
000131   e495     jbset   0x95, 0x2        	JBSET	_flag1,2
000132   a328     goto    0x328            	GOTO	_00800_DS_
                                           ;	.line	1007; "MC32P7351.c"	last_pwm_val = T2DATA;      // 读出上一次PWM占空比对应的值
000133   59a3     movar   0x1a3            	MOVAR	_T2DATA
000134   5685     movra   0x85             	MOVRA	_last_pwm_val
000135   7686     clrr    0x86             	CLRR	(_last_pwm_val + 1)
                                           ;	.line	1008; "MC32P7351.c"	max_pwm_val = (T2LOAD + 1); // 读出PWM占空比设定的、最大的值
000136   59a2     movar   0x1a2            	MOVAR	_T2LOAD
000137   5616     movra   0x16             	MOVRA	r0x1061
000138   7617     clrr    0x17             	CLRR	r0x1062
000139   3c01     movai   0x1              	MOVAI	0x01
00013a   7c16     addar   0x16             	ADDAR	r0x1061
00013b   5679     movra   0x79             	MOVRA	_max_pwm_val
00013c   767a     clrr    0x7a             	CLRR	(_max_pwm_val + 1)
00013d   527a     rlr     0x7a             	RLR	(_max_pwm_val + 1)
00013e   3c00     movai   0                	MOVAI	0x00
00013f   7e7a     addra   0x7a             	ADDRA	(_max_pwm_val + 1)
000140   767b     clrr    0x7b             	CLRR	(_max_pwm_val + 2)
000141   767c     clrr    0x7c             	CLRR	(_max_pwm_val + 3)
                                           ;	.line	1030; "MC32P7351.c"	tmp_bat_val = adc_bat_val;
000142   5875     movar   0x75             	MOVAR	_adc_bat_val
000143   5689     movra   0x89             	MOVRA	_tmp_bat_val
000144   5876     movar   0x76             	MOVAR	(_adc_bat_val + 1)
000145   568a     movra   0x8a             	MOVRA	(_tmp_bat_val + 1)
                                           ;;swapping arguments (AOP_TYPEs 1/3)
                                           ;;unsigned compare: left >= lit(0xB16=2838), size=4
                                           ;	.line	1031; "MC32P7351.c"	if (adc_bat_val <= 2837) // 如果检测电池电压小于 6.5V
000146   3c00     movai   0                	MOVAI	0x00
000147   4878     rsubar  0x78             	RSUBAR	(_adc_bat_val + 3)
000148   e587     jbset   0x187, 0x2       	JBSET	PFLAG,2
000149   a154     goto    0x154            	GOTO	_00947_DS_
00014a   3c00     movai   0                	MOVAI	0x00
00014b   4877     rsubar  0x77             	RSUBAR	(_adc_bat_val + 2)
00014c   e587     jbset   0x187, 0x2       	JBSET	PFLAG,2
00014d   a154     goto    0x154            	GOTO	_00947_DS_
00014e   3c0b     movai   0xb              	MOVAI	0x0b
00014f   4876     rsubar  0x76             	RSUBAR	(_adc_bat_val + 1)
000150   e587     jbset   0x187, 0x2       	JBSET	PFLAG,2
000151   a154     goto    0x154            	GOTO	_00947_DS_
000152   3c16     movai   0x16             	MOVAI	0x16
000153   4875     rsubar  0x75             	RSUBAR	_adc_bat_val
                                           _00947_DS_
000154   f187     jbclr   0x187, 0         	JBCLR	PFLAG,0
000155   a15c     goto    0x15c            	GOTO	_00779_DS_
                                           ;;genSkipc:3291: created from rifx:013B5EFC
                                           ;	.line	1033; "MC32P7351.c"	tmp_bat_val += 310;
000156   3c36     movai   0x36             	MOVAI	0x36
000157   7e89     addra   0x89             	ADDRA	_tmp_bat_val
000158   f187     jbclr   0x187, 0         	JBCLR	PFLAG,0
000159   668a     incr    0x8a             	INCR	(_tmp_bat_val + 1)
00015a   668a     incr    0x8a             	INCR	(_tmp_bat_val + 1)
00015b   a1db     goto    0x1db            	GOTO	_00846_DS_
                                           ;;swapping arguments (AOP_TYPEs 1/3)
                                           ;;unsigned compare: left >= lit(0xBF1=3057), size=4
                                           _00779_DS_
                                           ;	.line	1035; "MC32P7351.c"	else if (adc_bat_val <= 3056) // 如果检测电池电压小于 7.0V
00015c   3c00     movai   0                	MOVAI	0x00
00015d   4878     rsubar  0x78             	RSUBAR	(_adc_bat_val + 3)
00015e   e587     jbset   0x187, 0x2       	JBSET	PFLAG,2
00015f   a16a     goto    0x16a            	GOTO	_00948_DS_
000160   3c00     movai   0                	MOVAI	0x00
000161   4877     rsubar  0x77             	RSUBAR	(_adc_bat_val + 2)
000162   e587     jbset   0x187, 0x2       	JBSET	PFLAG,2
000163   a16a     goto    0x16a            	GOTO	_00948_DS_
000164   3c0b     movai   0xb              	MOVAI	0x0b
000165   4876     rsubar  0x76             	RSUBAR	(_adc_bat_val + 1)
000166   e587     jbset   0x187, 0x2       	JBSET	PFLAG,2
000167   a16a     goto    0x16a            	GOTO	_00948_DS_
000168   3cf1     movai   0xf1             	MOVAI	0xf1
000169   4875     rsubar  0x75             	RSUBAR	_adc_bat_val
                                           _00948_DS_
00016a   f187     jbclr   0x187, 0         	JBCLR	PFLAG,0
00016b   a172     goto    0x172            	GOTO	_00776_DS_
                                           ;;genSkipc:3291: created from rifx:013B5EFC
                                           ;	.line	1037; "MC32P7351.c"	tmp_bat_val += 290;
00016c   3c22     movai   0x22             	MOVAI	0x22
00016d   7e89     addra   0x89             	ADDRA	_tmp_bat_val
00016e   f187     jbclr   0x187, 0         	JBCLR	PFLAG,0
00016f   668a     incr    0x8a             	INCR	(_tmp_bat_val + 1)
000170   668a     incr    0x8a             	INCR	(_tmp_bat_val + 1)
000171   a1db     goto    0x1db            	GOTO	_00846_DS_
                                           ;;swapping arguments (AOP_TYPEs 1/3)
                                           ;;unsigned compare: left >= lit(0xC75=3189), size=4
                                           _00776_DS_
                                           ;	.line	1039; "MC32P7351.c"	else if (adc_bat_val <= 3188) // 如果检测电池电压小于 7.3V
000172   3c00     movai   0                	MOVAI	0x00
000173   4878     rsubar  0x78             	RSUBAR	(_adc_bat_val + 3)
000174   e587     jbset   0x187, 0x2       	JBSET	PFLAG,2
000175   a180     goto    0x180            	GOTO	_00949_DS_
000176   3c00     movai   0                	MOVAI	0x00
000177   4877     rsubar  0x77             	RSUBAR	(_adc_bat_val + 2)
000178   e587     jbset   0x187, 0x2       	JBSET	PFLAG,2
000179   a180     goto    0x180            	GOTO	_00949_DS_
00017a   3c0c     movai   0xc              	MOVAI	0x0c
00017b   4876     rsubar  0x76             	RSUBAR	(_adc_bat_val + 1)
00017c   e587     jbset   0x187, 0x2       	JBSET	PFLAG,2
00017d   a180     goto    0x180            	GOTO	_00949_DS_
00017e   3c75     movai   0x75             	MOVAI	0x75
00017f   4875     rsubar  0x75             	RSUBAR	_adc_bat_val
                                           _00949_DS_
000180   f187     jbclr   0x187, 0         	JBCLR	PFLAG,0
000181   a187     goto    0x187            	GOTO	_00773_DS_
                                           ;;genSkipc:3291: created from rifx:013B5EFC
                                           ;	.line	1041; "MC32P7351.c"	tmp_bat_val += 250; //
000182   3cfa     movai   0xfa             	MOVAI	0xfa
000183   7e89     addra   0x89             	ADDRA	_tmp_bat_val
000184   f187     jbclr   0x187, 0         	JBCLR	PFLAG,0
000185   668a     incr    0x8a             	INCR	(_tmp_bat_val + 1)
000186   a1db     goto    0x1db            	GOTO	_00846_DS_
                                           ;;swapping arguments (AOP_TYPEs 1/3)
                                           ;;unsigned compare: left >= lit(0xCFF=3327), size=4
                                           _00773_DS_
                                           ;	.line	1043; "MC32P7351.c"	else if (adc_bat_val <= 3326) // 如果检测电池电压小于 7.62V
000187   3c00     movai   0                	MOVAI	0x00
000188   4878     rsubar  0x78             	RSUBAR	(_adc_bat_val + 3)
000189   e587     jbset   0x187, 0x2       	JBSET	PFLAG,2
00018a   a195     goto    0x195            	GOTO	_00950_DS_
00018b   3c00     movai   0                	MOVAI	0x00
00018c   4877     rsubar  0x77             	RSUBAR	(_adc_bat_val + 2)
00018d   e587     jbset   0x187, 0x2       	JBSET	PFLAG,2
00018e   a195     goto    0x195            	GOTO	_00950_DS_
00018f   3c0c     movai   0xc              	MOVAI	0x0c
000190   4876     rsubar  0x76             	RSUBAR	(_adc_bat_val + 1)
000191   e587     jbset   0x187, 0x2       	JBSET	PFLAG,2
000192   a195     goto    0x195            	GOTO	_00950_DS_
000193   3cff     movai   0xff             	MOVAI	0xff
000194   4875     rsubar  0x75             	RSUBAR	_adc_bat_val
                                           _00950_DS_
000195   f187     jbclr   0x187, 0         	JBCLR	PFLAG,0
000196   a19c     goto    0x19c            	GOTO	_00770_DS_
                                           ;;genSkipc:3291: created from rifx:013B5EFC
                                           ;	.line	1045; "MC32P7351.c"	tmp_bat_val += 200;
000197   3cc8     movai   0xc8             	MOVAI	0xc8
000198   7e89     addra   0x89             	ADDRA	_tmp_bat_val
000199   f187     jbclr   0x187, 0         	JBCLR	PFLAG,0
00019a   668a     incr    0x8a             	INCR	(_tmp_bat_val + 1)
00019b   a1db     goto    0x1db            	GOTO	_00846_DS_
                                           _00770_DS_
                                           ;	.line	1049; "MC32P7351.c"	tmp_bat_val -= ((u32)adc_bat_val * 157 / 1000 - 522);
00019c   5875     movar   0x75             	MOVAR	_adc_bat_val
00019d   5600     movra   0                	MOVRA	STK06
00019e   5876     movar   0x76             	MOVAR	(_adc_bat_val + 1)
00019f   5601     movra   0x1              	MOVRA	STK05
0001a0   5877     movar   0x77             	MOVAR	(_adc_bat_val + 2)
0001a1   5602     movra   0x2              	MOVRA	STK04
0001a2   5878     movar   0x78             	MOVAR	(_adc_bat_val + 3)
0001a3   5603     movra   0x3              	MOVRA	STK03
0001a4   3c9d     movai   0x9d             	MOVAI	0x9d
0001a5   5604     movra   0x4              	MOVRA	STK02
0001a6   3c00     movai   0                	MOVAI	0x00
0001a7   5605     movra   0x5              	MOVRA	STK01
0001a8   3c00     movai   0                	MOVAI	0x00
0001a9   5606     movra   0x6              	MOVRA	STK00
0001aa   3c00     movai   0                	MOVAI	0x00
0001ab   86da     call    0x6da            	CALL	__mullong
0001ac   5619     movra   0x19             	MOVRA	r0x1063
0001ad   5806     movar   0x6              	MOVAR	STK00
0001ae   5618     movra   0x18             	MOVRA	r0x1064
0001af   5805     movar   0x5              	MOVAR	STK01
0001b0   5617     movra   0x17             	MOVRA	r0x1062
0001b1   5804     movar   0x4              	MOVAR	STK02
0001b2   5616     movra   0x16             	MOVRA	r0x1061
0001b3   3ce8     movai   0xe8             	MOVAI	0xe8
0001b4   5600     movra   0                	MOVRA	STK06
0001b5   3c03     movai   0x3              	MOVAI	0x03
0001b6   5601     movra   0x1              	MOVRA	STK05
0001b7   3c00     movai   0                	MOVAI	0x00
0001b8   5602     movra   0x2              	MOVRA	STK04
0001b9   3c00     movai   0                	MOVAI	0x00
0001ba   5603     movra   0x3              	MOVRA	STK03
0001bb   5816     movar   0x16             	MOVAR	r0x1061
0001bc   5604     movra   0x4              	MOVRA	STK02
0001bd   5817     movar   0x17             	MOVAR	r0x1062
0001be   5605     movra   0x5              	MOVRA	STK01
0001bf   5818     movar   0x18             	MOVAR	r0x1064
0001c0   5606     movra   0x6              	MOVRA	STK00
0001c1   5819     movar   0x19             	MOVAR	r0x1063
0001c2   8765     call    0x765            	CALL	__divulong
0001c3   5619     movra   0x19             	MOVRA	r0x1063
0001c4   5806     movar   0x6              	MOVAR	STK00
0001c5   5618     movra   0x18             	MOVRA	r0x1064
0001c6   5805     movar   0x5              	MOVAR	STK01
0001c7   561b     movra   0x1b             	MOVRA	r0x1066
0001c8   5617     movra   0x17             	MOVRA	r0x1062
0001c9   5804     movar   0x4              	MOVAR	STK02
0001ca   561a     movra   0x1a             	MOVRA	r0x1065
0001cb   5616     movra   0x16             	MOVRA	r0x1061
                                           ;;118	MOVAR	r0x1061
                                           ;;119	MOVAR	r0x1062
0001cc   3cf6     movai   0xf6             	MOVAI	0xf6
0001cd   7c1a     addar   0x1a             	ADDAR	r0x1065
0001ce   5616     movra   0x16             	MOVRA	r0x1061
0001cf   3cfd     movai   0xfd             	MOVAI	0xfd
0001d0   5617     movra   0x17             	MOVRA	r0x1062
0001d1   581b     movar   0x1b             	MOVAR	r0x1066
0001d2   f187     jbclr   0x187, 0         	JBCLR	PFLAG,0
0001d3   601b     jzar    0x1b             	JZAR	r0x1066
0001d4   7e17     addra   0x17             	ADDRA	r0x1062
0001d5   5816     movar   0x16             	MOVAR	r0x1061
0001d6   4a89     rsubra  0x89             	RSUBRA	_tmp_bat_val
0001d7   5817     movar   0x17             	MOVAR	r0x1062
0001d8   e187     jbset   0x187, 0         	JBSET	PFLAG,0
0001d9   6017     jzar    0x17             	JZAR	r0x1062
0001da   4a8a     rsubra  0x8a             	RSUBRA	(_tmp_bat_val + 1)
                                           _00846_DS_
                                           ;	.line	1054; "MC32P7351.c"	for (i = 0; i < 50; i++)
0001db   7616     clrr    0x16             	CLRR	r0x1061
                                           ;;swapping arguments (AOP_TYPEs 1/3)
                                           ;;unsigned compare: left >= lit(0x3=3), size=2
                                           _00820_DS_
                                           ;	.line	1056; "MC32P7351.c"	if (tmp_bat_val > 2)
0001dc   3c00     movai   0                	MOVAI	0x00
0001dd   488a     rsubar  0x8a             	RSUBAR	(_tmp_bat_val + 1)
0001de   e587     jbset   0x187, 0x2       	JBSET	PFLAG,2
0001df   a1e2     goto    0x1e2            	GOTO	_00951_DS_
0001e0   3c03     movai   0x3              	MOVAI	0x03
0001e1   4889     rsubar  0x89             	RSUBAR	_tmp_bat_val
                                           _00951_DS_
0001e2   e187     jbset   0x187, 0         	JBSET	PFLAG,0
0001e3   a1e8     goto    0x1e8            	GOTO	_00821_DS_
                                           ;;genSkipc:3291: created from rifx:013B5EFC
                                           ;	.line	1058; "MC32P7351.c"	tmp_bat_val--;
0001e4   3cff     movai   0xff             	MOVAI	0xff
0001e5   7e89     addra   0x89             	ADDRA	_tmp_bat_val
0001e6   e187     jbset   0x187, 0         	JBSET	PFLAG,0
0001e7   6e8a     decr    0x8a             	DECR	(_tmp_bat_val + 1)
                                           _00821_DS_
                                           ;	.line	1054; "MC32P7351.c"	for (i = 0; i < 50; i++)
0001e8   6616     incr    0x16             	INCR	r0x1061
                                           ;;unsigned compare: left < lit(0x32=50), size=1
0001e9   3c32     movai   0x32             	MOVAI	0x32
0001ea   4816     rsubar  0x16             	RSUBAR	r0x1061
0001eb   e187     jbset   0x187, 0         	JBSET	PFLAG,0
0001ec   a1dc     goto    0x1dc            	GOTO	_00820_DS_
                                           ;;genSkipc:3291: created from rifx:013B5EFC
                                           ;;unsigned compare: left < lit(0xE27=3623), size=4
                                           ;	.line	1064; "MC32P7351.c"	if (adc_bat_val >= 3623) // 8.30V及以上 , 降低电流
0001ed   3c00     movai   0                	MOVAI	0x00
0001ee   4878     rsubar  0x78             	RSUBAR	(_adc_bat_val + 3)
0001ef   e587     jbset   0x187, 0x2       	JBSET	PFLAG,2
0001f0   a1fb     goto    0x1fb            	GOTO	_00953_DS_
0001f1   3c00     movai   0                	MOVAI	0x00
0001f2   4877     rsubar  0x77             	RSUBAR	(_adc_bat_val + 2)
0001f3   e587     jbset   0x187, 0x2       	JBSET	PFLAG,2
0001f4   a1fb     goto    0x1fb            	GOTO	_00953_DS_
0001f5   3c0e     movai   0xe              	MOVAI	0x0e
0001f6   4876     rsubar  0x76             	RSUBAR	(_adc_bat_val + 1)
0001f7   e587     jbset   0x187, 0x2       	JBSET	PFLAG,2
0001f8   a1fb     goto    0x1fb            	GOTO	_00953_DS_
0001f9   3c27     movai   0x27             	MOVAI	0x27
0001fa   4875     rsubar  0x75             	RSUBAR	_adc_bat_val
                                           _00953_DS_
0001fb   e187     jbset   0x187, 0         	JBSET	PFLAG,0
0001fc   a216     goto    0x216            	GOTO	_00788_DS_
                                           ;;genSkipc:3291: created from rifx:013B5EFC
                                           ;	.line	1067; "MC32P7351.c"	for (i = 0; i < 260; i++) //
0001fd   7616     clrr    0x16             	CLRR	r0x1061
0001fe   7617     clrr    0x17             	CLRR	r0x1062
                                           ;;swapping arguments (AOP_TYPEs 1/3)
                                           ;;unsigned compare: left >= lit(0x3=3), size=2
                                           _00822_DS_
                                           ;	.line	1069; "MC32P7351.c"	if (tmp_bat_val > 2)
0001ff   3c00     movai   0                	MOVAI	0x00
000200   488a     rsubar  0x8a             	RSUBAR	(_tmp_bat_val + 1)
000201   e587     jbset   0x187, 0x2       	JBSET	PFLAG,2
000202   a205     goto    0x205            	GOTO	_00954_DS_
000203   3c03     movai   0x3              	MOVAI	0x03
000204   4889     rsubar  0x89             	RSUBAR	_tmp_bat_val
                                           _00954_DS_
000205   e187     jbset   0x187, 0         	JBSET	PFLAG,0
000206   a20b     goto    0x20b            	GOTO	_00823_DS_
                                           ;;genSkipc:3291: created from rifx:013B5EFC
                                           ;	.line	1071; "MC32P7351.c"	tmp_bat_val--;
000207   3cff     movai   0xff             	MOVAI	0xff
000208   7e89     addra   0x89             	ADDRA	_tmp_bat_val
000209   e187     jbset   0x187, 0         	JBSET	PFLAG,0
00020a   6e8a     decr    0x8a             	DECR	(_tmp_bat_val + 1)
                                           _00823_DS_
                                           ;	.line	1067; "MC32P7351.c"	for (i = 0; i < 260; i++) //
00020b   6616     incr    0x16             	INCR	r0x1061
00020c   f587     jbclr   0x187, 0x2       	JBCLR	PFLAG,2
00020d   6617     incr    0x17             	INCR	r0x1062
                                           ;;unsigned compare: left < lit(0x104=260), size=2
00020e   3c01     movai   0x1              	MOVAI	0x01
00020f   4817     rsubar  0x17             	RSUBAR	r0x1062
000210   e587     jbset   0x187, 0x2       	JBSET	PFLAG,2
000211   a214     goto    0x214            	GOTO	_00955_DS_
000212   3c04     movai   0x4              	MOVAI	0x04
000213   4816     rsubar  0x16             	RSUBAR	r0x1061
                                           _00955_DS_
000214   e187     jbset   0x187, 0         	JBSET	PFLAG,0
000215   a1ff     goto    0x1ff            	GOTO	_00822_DS_
                                           ;;genSkipc:3291: created from rifx:013B5EFC
                                           _00788_DS_
                                           ;	.line	1105; "MC32P7351.c"	tmp_val = max_pwm_val - (adc_charging_val * max_pwm_val * 94 / 147) / tmp_bat_val;
000216   5883     movar   0x83             	MOVAR	_adc_charging_val
000217   5616     movra   0x16             	MOVRA	r0x1061
000218   5884     movar   0x84             	MOVAR	(_adc_charging_val + 1)
000219   5617     movra   0x17             	MOVRA	r0x1062
00021a   761a     clrr    0x1a             	CLRR	r0x1065
00021b   761b     clrr    0x1b             	CLRR	r0x1066
00021c   5879     movar   0x79             	MOVAR	_max_pwm_val
00021d   5600     movra   0                	MOVRA	STK06
00021e   587a     movar   0x7a             	MOVAR	(_max_pwm_val + 1)
00021f   5601     movra   0x1              	MOVRA	STK05
000220   587b     movar   0x7b             	MOVAR	(_max_pwm_val + 2)
000221   5602     movra   0x2              	MOVRA	STK04
000222   587c     movar   0x7c             	MOVAR	(_max_pwm_val + 3)
000223   5603     movra   0x3              	MOVRA	STK03
000224   5816     movar   0x16             	MOVAR	r0x1061
000225   5604     movra   0x4              	MOVRA	STK02
000226   5817     movar   0x17             	MOVAR	r0x1062
000227   5605     movra   0x5              	MOVRA	STK01
000228   3c00     movai   0                	MOVAI	0x00
000229   5606     movra   0x6              	MOVRA	STK00
00022a   3c00     movai   0                	MOVAI	0x00
00022b   86da     call    0x6da            	CALL	__mullong
00022c   561b     movra   0x1b             	MOVRA	r0x1066
00022d   5806     movar   0x6              	MOVAR	STK00
00022e   561a     movra   0x1a             	MOVRA	r0x1065
00022f   5805     movar   0x5              	MOVAR	STK01
000230   5617     movra   0x17             	MOVRA	r0x1062
000231   5804     movar   0x4              	MOVAR	STK02
000232   5616     movra   0x16             	MOVRA	r0x1061
000233   5816     movar   0x16             	MOVAR	r0x1061
000234   5600     movra   0                	MOVRA	STK06
000235   5817     movar   0x17             	MOVAR	r0x1062
000236   5601     movra   0x1              	MOVRA	STK05
000237   581a     movar   0x1a             	MOVAR	r0x1065
000238   5602     movra   0x2              	MOVRA	STK04
000239   581b     movar   0x1b             	MOVAR	r0x1066
00023a   5603     movra   0x3              	MOVRA	STK03
00023b   3c5e     movai   0x5e             	MOVAI	0x5e
00023c   5604     movra   0x4              	MOVRA	STK02
00023d   3c00     movai   0                	MOVAI	0x00
00023e   5605     movra   0x5              	MOVRA	STK01
00023f   3c00     movai   0                	MOVAI	0x00
000240   5606     movra   0x6              	MOVRA	STK00
000241   3c00     movai   0                	MOVAI	0x00
000242   86da     call    0x6da            	CALL	__mullong
000243   561b     movra   0x1b             	MOVRA	r0x1066
000244   5806     movar   0x6              	MOVAR	STK00
000245   561a     movra   0x1a             	MOVRA	r0x1065
000246   5805     movar   0x5              	MOVAR	STK01
000247   5617     movra   0x17             	MOVRA	r0x1062
000248   5804     movar   0x4              	MOVAR	STK02
000249   5616     movra   0x16             	MOVRA	r0x1061
00024a   3c93     movai   0x93             	MOVAI	0x93
00024b   5600     movra   0                	MOVRA	STK06
00024c   3c00     movai   0                	MOVAI	0x00
00024d   5601     movra   0x1              	MOVRA	STK05
00024e   3c00     movai   0                	MOVAI	0x00
00024f   5602     movra   0x2              	MOVRA	STK04
000250   3c00     movai   0                	MOVAI	0x00
000251   5603     movra   0x3              	MOVRA	STK03
000252   5816     movar   0x16             	MOVAR	r0x1061
000253   5604     movra   0x4              	MOVRA	STK02
000254   5817     movar   0x17             	MOVAR	r0x1062
000255   5605     movra   0x5              	MOVRA	STK01
000256   581a     movar   0x1a             	MOVAR	r0x1065
000257   5606     movra   0x6              	MOVRA	STK00
000258   581b     movar   0x1b             	MOVAR	r0x1066
000259   8765     call    0x765            	CALL	__divulong
00025a   561b     movra   0x1b             	MOVRA	r0x1066
00025b   5806     movar   0x6              	MOVAR	STK00
00025c   561a     movra   0x1a             	MOVRA	r0x1065
00025d   5805     movar   0x5              	MOVAR	STK01
00025e   5617     movra   0x17             	MOVRA	r0x1062
00025f   5804     movar   0x4              	MOVAR	STK02
000260   5616     movra   0x16             	MOVRA	r0x1061
000261   5889     movar   0x89             	MOVAR	_tmp_bat_val
000262   561c     movra   0x1c             	MOVRA	r0x1067
000263   588a     movar   0x8a             	MOVAR	(_tmp_bat_val + 1)
000264   561d     movra   0x1d             	MOVRA	r0x1068
000265   761e     clrr    0x1e             	CLRR	r0x1069
000266   761f     clrr    0x1f             	CLRR	r0x106A
000267   581c     movar   0x1c             	MOVAR	r0x1067
000268   5600     movra   0                	MOVRA	STK06
000269   581d     movar   0x1d             	MOVAR	r0x1068
00026a   5601     movra   0x1              	MOVRA	STK05
00026b   3c00     movai   0                	MOVAI	0x00
00026c   5602     movra   0x2              	MOVRA	STK04
00026d   3c00     movai   0                	MOVAI	0x00
00026e   5603     movra   0x3              	MOVRA	STK03
00026f   5816     movar   0x16             	MOVAR	r0x1061
000270   5604     movra   0x4              	MOVRA	STK02
000271   5817     movar   0x17             	MOVAR	r0x1062
000272   5605     movra   0x5              	MOVRA	STK01
000273   581a     movar   0x1a             	MOVAR	r0x1065
000274   5606     movra   0x6              	MOVRA	STK00
000275   581b     movar   0x1b             	MOVAR	r0x1066
000276   8765     call    0x765            	CALL	__divulong
000277   561b     movra   0x1b             	MOVRA	r0x1066
000278   5806     movar   0x6              	MOVAR	STK00
000279   561a     movra   0x1a             	MOVRA	r0x1065
00027a   5805     movar   0x5              	MOVAR	STK01
00027b   561f     movra   0x1f             	MOVRA	r0x106A
00027c   5617     movra   0x17             	MOVRA	r0x1062
00027d   5804     movar   0x4              	MOVAR	STK02
00027e   561e     movra   0x1e             	MOVRA	r0x1069
00027f   5616     movra   0x16             	MOVRA	r0x1061
000280   5879     movar   0x79             	MOVAR	_max_pwm_val
000281   561c     movra   0x1c             	MOVRA	r0x1067
000282   587a     movar   0x7a             	MOVAR	(_max_pwm_val + 1)
000283   561d     movra   0x1d             	MOVRA	r0x1068
                                           ;;115	MOVAR	r0x1061
                                           ;;116	MOVAR	r0x1062
000284   581e     movar   0x1e             	MOVAR	r0x1069
000285   481c     rsubar  0x1c             	RSUBAR	r0x1067
000286   5687     movra   0x87             	MOVRA	_tmp_val
000287   581f     movar   0x1f             	MOVAR	r0x106A
000288   e187     jbset   0x187, 0         	JBSET	PFLAG,0
000289   641f     incar   0x1f             	INCAR	r0x106A
00028a   481d     rsubar  0x1d             	RSUBAR	r0x1068
00028b   5688     movra   0x88             	MOVRA	(_tmp_val + 1)
                                           ;	.line	1110; "MC32P7351.c"	if (tmp_val >= max_pwm_val)
00028c   5887     movar   0x87             	MOVAR	_tmp_val
00028d   5616     movra   0x16             	MOVRA	r0x1061
00028e   5888     movar   0x88             	MOVAR	(_tmp_val + 1)
00028f   5617     movra   0x17             	MOVRA	r0x1062
000290   761a     clrr    0x1a             	CLRR	r0x1065
000291   761b     clrr    0x1b             	CLRR	r0x1066
000292   587c     movar   0x7c             	MOVAR	(_max_pwm_val + 3)
000293   481b     rsubar  0x1b             	RSUBAR	r0x1066
000294   e587     jbset   0x187, 0x2       	JBSET	PFLAG,2
000295   a2a0     goto    0x2a0            	GOTO	_00956_DS_
000296   587b     movar   0x7b             	MOVAR	(_max_pwm_val + 2)
000297   481a     rsubar  0x1a             	RSUBAR	r0x1065
000298   e587     jbset   0x187, 0x2       	JBSET	PFLAG,2
000299   a2a0     goto    0x2a0            	GOTO	_00956_DS_
00029a   587a     movar   0x7a             	MOVAR	(_max_pwm_val + 1)
00029b   4817     rsubar  0x17             	RSUBAR	r0x1062
00029c   e587     jbset   0x187, 0x2       	JBSET	PFLAG,2
00029d   a2a0     goto    0x2a0            	GOTO	_00956_DS_
00029e   5879     movar   0x79             	MOVAR	_max_pwm_val
00029f   4816     rsubar  0x16             	RSUBAR	r0x1061
                                           _00956_DS_
0002a0   e187     jbset   0x187, 0         	JBSET	PFLAG,0
0002a1   a2a4     goto    0x2a4            	GOTO	_00790_DS_
                                           ;;genSkipc:3291: created from rifx:013B5EFC
                                           ;	.line	1113; "MC32P7351.c"	tmp_val = 0;
0002a2   7687     clrr    0x87             	CLRR	_tmp_val
0002a3   7688     clrr    0x88             	CLRR	(_tmp_val + 1)
                                           _00790_DS_
                                           ;	.line	1117; "MC32P7351.c"	tmp_val_cnt++;
0002a4   668f     incr    0x8f             	INCR	_tmp_val_cnt
                                           ;	.line	1118; "MC32P7351.c"	tmp_val_cnt &= 0x07;
0002a5   3c07     movai   0x7              	MOVAI	0x07
0002a6   7a8f     andra   0x8f             	ANDRA	_tmp_val_cnt
                                           ;	.line	1119; "MC32P7351.c"	tmp_val_l[tmp_val_cnt] = (tmp_val_l[tmp_val_cnt] + tmp_val) >> 1;
0002a7   d187     bclr    0x187, 0         	BCLR	PFLAG,0
0002a8   508f     rlar    0x8f             	RLAR	_tmp_val_cnt
0002a9   5616     movra   0x16             	MOVRA	r0x1061
0002aa   5816     movar   0x16             	MOVAR	r0x1061
0002ab   3f4d     addai   0x4d             	ADDAI	(_tmp_val_l + 0)
0002ac   5616     movra   0x16             	MOVRA	r0x1061
0002ad   3c00     movai   0                	MOVAI	high (_tmp_val_l + 0)
0002ae   f187     jbclr   0x187, 0         	JBCLR	PFLAG,0
0002af   3f01     addai   0x1              	ADDAI	0x01
0002b0   5617     movra   0x17             	MOVRA	r0x1062
0002b1   d187     bclr    0x187, 0         	BCLR	PFLAG,0
0002b2   508f     rlar    0x8f             	RLAR	_tmp_val_cnt
0002b3   561a     movra   0x1a             	MOVRA	r0x1065
0002b4   581a     movar   0x1a             	MOVAR	r0x1065
0002b5   3f4d     addai   0x4d             	ADDAI	(_tmp_val_l + 0)
0002b6   561a     movra   0x1a             	MOVRA	r0x1065
0002b7   3c00     movai   0                	MOVAI	high (_tmp_val_l + 0)
0002b8   f187     jbclr   0x187, 0         	JBCLR	PFLAG,0
0002b9   3f01     addai   0x1              	ADDAI	0x01
0002ba   561b     movra   0x1b             	MOVRA	r0x1066
0002bb   581a     movar   0x1a             	MOVAR	r0x1065
0002bc   5784     movra   0x184            	MOVRA	FSR0
0002bd   581b     movar   0x1b             	MOVAR	r0x1066
0002be   5785     movra   0x185            	MOVRA	FSR1
0002bf   5982     movar   0x182            	MOVAR	INDF2
0002c0   561c     movra   0x1c             	MOVRA	r0x1067
0002c1   6784     incr    0x184            	INCR	FSR0
0002c2   f587     jbclr   0x187, 0x2       	JBCLR	PFLAG,2
0002c3   6785     incr    0x185            	INCR	FSR1
0002c4   5982     movar   0x182            	MOVAR	INDF2
0002c5   561b     movra   0x1b             	MOVRA	r0x1066
0002c6   561d     movra   0x1d             	MOVRA	r0x1068
0002c7   5887     movar   0x87             	MOVAR	_tmp_val
0002c8   7c1c     addar   0x1c             	ADDAR	r0x1067
0002c9   561a     movra   0x1a             	MOVRA	r0x1065
                                           ;;117	MOVAR	r0x1068
0002ca   5888     movar   0x88             	MOVAR	(_tmp_val + 1)
0002cb   f187     jbclr   0x187, 0         	JBCLR	PFLAG,0
0002cc   6088     jzar    0x88             	JZAR	(_tmp_val + 1)
0002cd   7e1b     addra   0x1b             	ADDRA	r0x1066
                                           ;;shiftRight_Left2ResultLit:5339: shCount=1, size=2, sign=0, same=0, offr=0
0002ce   d187     bclr    0x187, 0         	BCLR	PFLAG,0
0002cf   4c1b     rrar    0x1b             	RRAR	r0x1066
0002d0   561d     movra   0x1d             	MOVRA	r0x1068
0002d1   4c1a     rrar    0x1a             	RRAR	r0x1065
0002d2   561c     movra   0x1c             	MOVRA	r0x1067
0002d3   5816     movar   0x16             	MOVAR	r0x1061
0002d4   5784     movra   0x184            	MOVRA	FSR0
0002d5   5817     movar   0x17             	MOVAR	r0x1062
0002d6   5785     movra   0x185            	MOVRA	FSR1
0002d7   581c     movar   0x1c             	MOVAR	r0x1067
0002d8   5782     movra   0x182            	MOVRA	INDF2
0002d9   6784     incr    0x184            	INCR	FSR0
0002da   f587     jbclr   0x187, 0x2       	JBCLR	PFLAG,2
0002db   6785     incr    0x185            	INCR	FSR1
0002dc   581d     movar   0x1d             	MOVAR	r0x1068
0002dd   5782     movra   0x182            	MOVRA	INDF2
                                           ;	.line	1120; "MC32P7351.c"	tmp_val = 0;
0002de   7687     clrr    0x87             	CLRR	_tmp_val
0002df   7688     clrr    0x88             	CLRR	(_tmp_val + 1)
                                           ;	.line	1121; "MC32P7351.c"	for (i = 0; i < 8; i++)
0002e0   768e     clrr    0x8e             	CLRR	_i
                                           ;;unsigned compare: left < lit(0x8=8), size=1
                                           _00825_DS_
0002e1   3c08     movai   0x8              	MOVAI	0x08
0002e2   488e     rsubar  0x8e             	RSUBAR	_i
0002e3   f187     jbclr   0x187, 0         	JBCLR	PFLAG,0
0002e4   a302     goto    0x302            	GOTO	_00791_DS_
                                           ;;genSkipc:3291: created from rifx:013B5EFC
                                           ;	.line	1123; "MC32P7351.c"	tmp_val += tmp_val_l[i];
0002e5   d187     bclr    0x187, 0         	BCLR	PFLAG,0
0002e6   508e     rlar    0x8e             	RLAR	_i
0002e7   5616     movra   0x16             	MOVRA	r0x1061
0002e8   5816     movar   0x16             	MOVAR	r0x1061
0002e9   3f4d     addai   0x4d             	ADDAI	(_tmp_val_l + 0)
0002ea   5616     movra   0x16             	MOVRA	r0x1061
0002eb   3c00     movai   0                	MOVAI	high (_tmp_val_l + 0)
0002ec   f187     jbclr   0x187, 0         	JBCLR	PFLAG,0
0002ed   3f01     addai   0x1              	ADDAI	0x01
0002ee   5617     movra   0x17             	MOVRA	r0x1062
0002ef   5816     movar   0x16             	MOVAR	r0x1061
0002f0   5784     movra   0x184            	MOVRA	FSR0
0002f1   5817     movar   0x17             	MOVAR	r0x1062
0002f2   5785     movra   0x185            	MOVRA	FSR1
0002f3   5982     movar   0x182            	MOVAR	INDF2
0002f4   561a     movra   0x1a             	MOVRA	r0x1065
0002f5   6784     incr    0x184            	INCR	FSR0
0002f6   f587     jbclr   0x187, 0x2       	JBCLR	PFLAG,2
0002f7   6785     incr    0x185            	INCR	FSR1
0002f8   5982     movar   0x182            	MOVAR	INDF2
0002f9   561b     movra   0x1b             	MOVRA	r0x1066
0002fa   581a     movar   0x1a             	MOVAR	r0x1065
0002fb   7e87     addra   0x87             	ADDRA	_tmp_val
0002fc   581b     movar   0x1b             	MOVAR	r0x1066
0002fd   f187     jbclr   0x187, 0         	JBCLR	PFLAG,0
0002fe   601b     jzar    0x1b             	JZAR	r0x1066
0002ff   7e88     addra   0x88             	ADDRA	(_tmp_val + 1)
                                           ;	.line	1121; "MC32P7351.c"	for (i = 0; i < 8; i++)
000300   668e     incr    0x8e             	INCR	_i
000301   a2e1     goto    0x2e1            	GOTO	_00825_DS_
                                           ;;shiftRight_Left2ResultLit:5339: shCount=1, size=2, sign=0, same=1, offr=0
                                           _00791_DS_
                                           ;	.line	1125; "MC32P7351.c"	tmp_val >>= 3;
000302   d187     bclr    0x187, 0         	BCLR	PFLAG,0
000303   4e88     rrr     0x88             	RRR	(_tmp_val + 1)
000304   4e87     rrr     0x87             	RRR	_tmp_val
                                           ;;shiftRight_Left2ResultLit:5339: shCount=1, size=2, sign=0, same=1, offr=0
000305   d187     bclr    0x187, 0         	BCLR	PFLAG,0
000306   4e88     rrr     0x88             	RRR	(_tmp_val + 1)
000307   4e87     rrr     0x87             	RRR	_tmp_val
                                           ;;shiftRight_Left2ResultLit:5339: shCount=1, size=2, sign=0, same=1, offr=0
000308   d187     bclr    0x187, 0         	BCLR	PFLAG,0
000309   4e88     rrr     0x88             	RRR	(_tmp_val + 1)
00030a   4e87     rrr     0x87             	RRR	_tmp_val
                                           ;	.line	1163; "MC32P7351.c"	if (flag_is_adjust_pwm_time_comes)
00030b   ec97     jbset   0x97, 0x6        	JBSET	_flag3,6
00030c   a326     goto    0x326            	GOTO	_00798_DS_
                                           ;	.line	1165; "MC32P7351.c"	flag_is_adjust_pwm_time_comes = 0;
00030d   dc97     bclr    0x97, 0x6        	BCLR	_flag3,6
                                           ;	.line	1167; "MC32P7351.c"	if (tmp_val > last_pwm_val)
00030e   5888     movar   0x88             	MOVAR	(_tmp_val + 1)
00030f   4886     rsubar  0x86             	RSUBAR	(_last_pwm_val + 1)
000310   e587     jbset   0x187, 0x2       	JBSET	PFLAG,2
000311   a314     goto    0x314            	GOTO	_00958_DS_
000312   5887     movar   0x87             	MOVAR	_tmp_val
000313   4885     rsubar  0x85             	RSUBAR	_last_pwm_val
                                           _00958_DS_
000314   f187     jbclr   0x187, 0         	JBCLR	PFLAG,0
000315   a31a     goto    0x31a            	GOTO	_00795_DS_
                                           ;;genSkipc:3291: created from rifx:013B5EFC
                                           ;	.line	1172; "MC32P7351.c"	last_pwm_val++;
000316   6685     incr    0x85             	INCR	_last_pwm_val
000317   f587     jbclr   0x187, 0x2       	JBCLR	PFLAG,2
000318   6686     incr    0x86             	INCR	(_last_pwm_val + 1)
000319   a326     goto    0x326            	GOTO	_00798_DS_
                                           _00795_DS_
                                           ;	.line	1176; "MC32P7351.c"	else if (tmp_val < last_pwm_val)
00031a   5886     movar   0x86             	MOVAR	(_last_pwm_val + 1)
00031b   4888     rsubar  0x88             	RSUBAR	(_tmp_val + 1)
00031c   e587     jbset   0x187, 0x2       	JBSET	PFLAG,2
00031d   a320     goto    0x320            	GOTO	_00959_DS_
00031e   5885     movar   0x85             	MOVAR	_last_pwm_val
00031f   4887     rsubar  0x87             	RSUBAR	_tmp_val
                                           _00959_DS_
000320   f187     jbclr   0x187, 0         	JBCLR	PFLAG,0
000321   a326     goto    0x326            	GOTO	_00798_DS_
                                           ;;genSkipc:3291: created from rifx:013B5EFC
                                           ;	.line	1181; "MC32P7351.c"	last_pwm_val--;
000322   3cff     movai   0xff             	MOVAI	0xff
000323   7e85     addra   0x85             	ADDRA	_last_pwm_val
000324   e187     jbset   0x187, 0         	JBSET	PFLAG,0
000325   6e86     decr    0x86             	DECR	(_last_pwm_val + 1)
                                           _00798_DS_
                                           ;	.line	1188; "MC32P7351.c"	T2DATA = last_pwm_val;
000326   5885     movar   0x85             	MOVAR	_last_pwm_val
000327   57a3     movra   0x1a3            	MOVRA	_T2DATA
                                           _00800_DS_
                                           ;	.line	1191; "MC32P7351.c"	if (flag_is_low_battery)
000328   e496     jbset   0x96, 0x2        	JBSET	_flag2,2
000329   a345     goto    0x345            	GOTO	_00813_DS_
                                           ;	.line	1193; "MC32P7351.c"	LED_WORKING_OFF();
00032a   c994     bset    0x194, 0x4       	BSET	_IOP1bits,4
                                           ;	.line	1196; "MC32P7351.c"	LED_CHARGING_ON();
00032b   d990     bclr    0x190, 0x4       	BCLR	_IOP0bits,4
                                           ;	.line	1198; "MC32P7351.c"	for (i = 0; i < 20; i++)
00032c   768e     clrr    0x8e             	CLRR	_i
                                           ;;unsigned compare: left < lit(0x14=20), size=1
                                           _00828_DS_
00032d   3c14     movai   0x14             	MOVAI	0x14
00032e   488e     rsubar  0x8e             	RSUBAR	_i
00032f   f187     jbclr   0x187, 0         	JBCLR	PFLAG,0
000330   a338     goto    0x338            	GOTO	_00808_DS_
                                           ;;genSkipc:3291: created from rifx:013B5EFC
                                           ;	.line	1201; "MC32P7351.c"	key_event_handle();
000331   84e5     call    0x4e5            	CALL	_key_event_handle
                                           ;	.line	1202; "MC32P7351.c"	delay_ms(10);
000332   3c0a     movai   0xa              	MOVAI	0x0a
000333   5606     movra   0x6              	MOVRA	STK00
000334   3c00     movai   0                	MOVAI	0x00
000335   86ba     call    0x6ba            	CALL	_delay_ms
                                           ;	.line	1198; "MC32P7351.c"	for (i = 0; i < 20; i++)
000336   668e     incr    0x8e             	INCR	_i
000337   a32d     goto    0x32d            	GOTO	_00828_DS_
                                           _00808_DS_
                                           ;	.line	1205; "MC32P7351.c"	LED_CHARGING_OFF();
000338   c990     bset    0x190, 0x4       	BSET	_IOP0bits,4
                                           ;	.line	1207; "MC32P7351.c"	for (i = 0; i < 20; i++)
000339   768e     clrr    0x8e             	CLRR	_i
                                           ;;unsigned compare: left < lit(0x14=20), size=1
                                           _00831_DS_
00033a   3c14     movai   0x14             	MOVAI	0x14
00033b   488e     rsubar  0x8e             	RSUBAR	_i
00033c   f187     jbclr   0x187, 0         	JBCLR	PFLAG,0
00033d   a345     goto    0x345            	GOTO	_00813_DS_
                                           ;;genSkipc:3291: created from rifx:013B5EFC
                                           ;	.line	1210; "MC32P7351.c"	key_event_handle();
00033e   84e5     call    0x4e5            	CALL	_key_event_handle
                                           ;	.line	1211; "MC32P7351.c"	delay_ms(10);
00033f   3c0a     movai   0xa              	MOVAI	0x0a
000340   5606     movra   0x6              	MOVRA	STK00
000341   3c00     movai   0                	MOVAI	0x00
000342   86ba     call    0x6ba            	CALL	_delay_ms
                                           ;	.line	1207; "MC32P7351.c"	for (i = 0; i < 20; i++)
000343   668e     incr    0x8e             	INCR	_i
000344   a33a     goto    0x33a            	GOTO	_00831_DS_
                                           _00813_DS_
                                           ;	.line	1215; "MC32P7351.c"	low_power_scan_handle();
000345   8349     call    0x349            	CALL	_low_power_scan_handle
                                           ;	.line	1222; "MC32P7351.c"	__endasm;
                                           	;
000346   000e     clrwdt                   	CLRWDT;
                                           	
000347   a120     goto    0x120            	GOTO	_00815_DS_
                                           ;	.line	1225; "MC32P7351.c"	}
000348   000c     return                   	RETURN	
                                           ; exit point of _main
                                           
                                           ;***
                                           ;  pBlock Stats: dbName = C
                                           ;***
                                           ;entry:  _low_power_scan_handle	;Function start
                                           ; 2 exit points
                                           ;has an exit
                                           ;functions called:
                                           ;   _CLR_RAM
                                           ;   _adc_config
                                           ;   _adc_sel_pin
                                           ;   _adc_get_val
                                           ;   _Sys_Init
                                           ;   _CLR_RAM
                                           ;   _adc_config
                                           ;   _adc_sel_pin
                                           ;   _adc_get_val
                                           ;   _Sys_Init
                                           ;1 compiler assigned register :
                                           ;   STK00
                                           ;; Starting pCode block
                                           _low_power_scan_handle	;Function start
                                           ; 2 exit points
                                           ;	.line	866; "MC32P7351.c"	FLAG_IS_DEVICE_OPEN ||                            // 如果设备已经启动，不进入低功耗
000349   f095     jbclr   0x95, 0          	JBCLR	_flag1,0
00034a   a353     goto    0x353            	GOTO	_00722_DS_
                                           ;	.line	867; "MC32P7351.c"	FLAG_IS_IN_CHARGING ||                            // 如果正在充电，不进入低功耗，因为还需要输出PWM来控制充电
00034b   f495     jbclr   0x95, 0x2        	JBCLR	_flag1,2
00034c   a353     goto    0x353            	GOTO	_00722_DS_
                                           ;	.line	868; "MC32P7351.c"	(0 == P01D) ||                                    // 如果检测到 开关/模式 按键按下，不进入低功耗(交给按键事件处理函数来判断是否要开机)
00034d   e390     jbset   0x190, 0x1       	JBSET	_IOP0bits,1
00034e   a353     goto    0x353            	GOTO	_00722_DS_
                                           ;	.line	869; "MC32P7351.c"	INFLATION_CTL_STATUS_NONE != inflation_ctl_status // 气泵、气阀还在工作，不进入低功耗
00034f   3c00     movai   0                	MOVAI	0x00
000350   5c92     orar    0x92             	ORAR	_inflation_ctl_status
000351   f587     jbclr   0x187, 0x2       	JBCLR	PFLAG,2
000352   a354     goto    0x354            	GOTO	_00727_DS_
                                           _00722_DS_
                                           ;	.line	872; "MC32P7351.c"	return;
000353   a381     goto    0x381            	GOTO	_00737_DS_
                                           _00727_DS_
                                           ;	.line	876; "MC32P7351.c"	GIE = 0;  // 禁用所有中断
000354   df88     bclr    0x188, 0x7       	BCLR	_MCRbits,7
                                           ;	.line	877; "MC32P7351.c"	T0EN = 0; // 关闭定时器和PWM输出
000355   df98     bclr    0x198, 0x7       	BCLR	_T0CRbits,7
                                           ;	.line	878; "MC32P7351.c"	T1EN = 0;
000356   df9c     bclr    0x19c, 0x7       	BCLR	_T1CRbits,7
                                           ;	.line	879; "MC32P7351.c"	T2EN = 0;
000357   dfa0     bclr    0x1a0, 0x7       	BCLR	_T2CRbits,7
                                           ;	.line	880; "MC32P7351.c"	T3EN = 0;
000358   dfa4     bclr    0x1a4, 0x7       	BCLR	_T3CRbits,7
                                           ;	.line	882; "MC32P7351.c"	PWM0EC = 0;
000359   dd98     bclr    0x198, 0x6       	BCLR	_T0CRbits,6
                                           ;	.line	883; "MC32P7351.c"	PWM1EC = 0;
00035a   dd9c     bclr    0x19c, 0x6       	BCLR	_T1CRbits,6
                                           ;	.line	884; "MC32P7351.c"	PWM2EC = 0;
00035b   dda0     bclr    0x1a0, 0x6       	BCLR	_T2CRbits,6
                                           ;	.line	885; "MC32P7351.c"	T2DATA = 0;
00035c   77a3     clrr    0x1a3            	CLRR	_T2DATA
                                           ;	.line	886; "MC32P7351.c"	ADEN = 0; // 不使能ad
00035d   d1b0     bclr    0x1b0, 0         	BCLR	_ADCR0bits,0
                                           ;	.line	893; "MC32P7351.c"	LED_WORKING_OFF();
00035e   c994     bset    0x194, 0x4       	BSET	_IOP1bits,4
                                           ;	.line	894; "MC32P7351.c"	LED_CHARGING_OFF();
00035f   c990     bset    0x190, 0x4       	BSET	_IOP0bits,4
                                           ;	.line	895; "MC32P7351.c"	INFLATION_CTL_OFF();
000360   d790     bclr    0x190, 0x3       	BCLR	_IOP0bits,3
                                           ;	.line	896; "MC32P7351.c"	DEFLATION_CTL_OFF();
000361   d794     bclr    0x194, 0x3       	BCLR	_IOP1bits,3
                                           ;	.line	899; "MC32P7351.c"	P01PU = 1;
000362   c392     bset    0x192, 0x1       	BSET	_PUP0bits,1
                                           ;	.line	900; "MC32P7351.c"	P01OE = 0;
000363   d391     bclr    0x191, 0x1       	BCLR	_OEP0bits,1
                                           ;	.line	903; "MC32P7351.c"	P00PD = 1;
000364   c193     bset    0x193, 0         	BSET	_PDP0bits,0
                                           ;	.line	904; "MC32P7351.c"	P00OE = 0;
000365   d191     bclr    0x191, 0         	BCLR	_OEP0bits,0
                                           ;	.line	906; "MC32P7351.c"	HFEN = 0; // 关闭高速时钟
000366   d1ae     bclr    0x1ae, 0         	BCLR	_OSCMRbits,0
                                           ;	.line	907; "MC32P7351.c"	LFEN = 1;
000367   c3ae     bset    0x1ae, 0x1       	BSET	_OSCMRbits,1
                                           ;	.line	910; "MC32P7351.c"	Nop();
000368   0000     nop                      	nop	
                                           ;	.line	911; "MC32P7351.c"	Nop();
000369   0000     nop                      	nop	
                                           ;	.line	912; "MC32P7351.c"	Stop();
00036a   000b     stop                     	stop	
                                           ;	.line	913; "MC32P7351.c"	Nop();
00036b   0000     nop                      	nop	
                                           ;	.line	914; "MC32P7351.c"	Nop();
00036c   0000     nop                      	nop	
                                           ;	.line	916; "MC32P7351.c"	HFEN = 1; // 开启高速时钟
00036d   c1ae     bset    0x1ae, 0         	BSET	_OSCMRbits,0
                                           ;	.line	918; "MC32P7351.c"	CLR_RAM();
00036e   86ae     call    0x6ae            	CALL	_CLR_RAM
                                           ;	.line	920; "MC32P7351.c"	adc_config();
00036f   86a2     call    0x6a2            	CALL	_adc_config
                                           ;	.line	921; "MC32P7351.c"	adc_sel_pin(ADC_PIN_P00_AN0);
000370   3c01     movai   0x1              	MOVAI	0x01
000371   868b     call    0x68b            	CALL	_adc_sel_pin
                                           ;	.line	922; "MC32P7351.c"	adc_val = adc_get_val();
000372   85ee     call    0x5ee            	CALL	_adc_get_val
000373   5682     movra   0x82             	MOVRA	(_adc_val + 1)
000374   5806     movar   0x6              	MOVAR	STK00
000375   5681     movra   0x81             	MOVRA	_adc_val
                                           ;;unsigned compare: left < lit(0x800=2048), size=2
                                           ;	.line	924; "MC32P7351.c"	if (adc_val < ADCDETECT_CHARING_THRESHOLD && P01D)
000376   3c08     movai   0x8              	MOVAI	0x08
000377   4882     rsubar  0x82             	RSUBAR	(_adc_val + 1)
000378   e587     jbset   0x187, 0x2       	JBSET	PFLAG,2
000379   a37c     goto    0x37c            	GOTO	_00759_DS_
00037a   3c00     movai   0                	MOVAI	0x00
00037b   4881     rsubar  0x81             	RSUBAR	_adc_val
                                           _00759_DS_
00037c   f187     jbclr   0x187, 0         	JBCLR	PFLAG,0
00037d   a380     goto    0x380            	GOTO	_00735_DS_
                                           ;;genSkipc:3291: created from rifx:013B5EFC
00037e   f390     jbclr   0x190, 0x1       	JBCLR	_IOP0bits,1
00037f   a354     goto    0x354            	GOTO	_00727_DS_
                                           _00735_DS_
                                           ;	.line	950; "MC32P7351.c"	Sys_Init();
000380   85b5     call    0x5b5            	CALL	_Sys_Init
                                           _00737_DS_
                                           ;	.line	954; "MC32P7351.c"	}
000381   000c     return                   	RETURN	
                                           ; exit point of _low_power_scan_handle
                                           
                                           ;***
                                           ;  pBlock Stats: dbName = C
                                           ;***
                                           ;entry:  _shutdown_scan_handle	;Function start
                                           ; 2 exit points
                                           ;has an exit
                                           ;; Starting pCode block
                                           _shutdown_scan_handle	;Function start
                                           ; 2 exit points
                                           ;	.line	836; "MC32P7351.c"	if (FLAG_IS_DEVICE_OPEN)
000382   e095     jbset   0x95, 0          	JBSET	_flag1,0
000383   a3a0     goto    0x3a0            	GOTO	_00705_DS_
                                           ;;unsigned compare: left < lit(0xDBBA0=900000), size=4
                                           ;	.line	840; "MC32P7351.c"	if (shut_down_ms_cnt >= 900000UL)
000384   3c00     movai   0                	MOVAI	0x00
000385   4874     rsubar  0x74             	RSUBAR	(_shut_down_ms_cnt + 3)
000386   e587     jbset   0x187, 0x2       	JBSET	PFLAG,2
000387   a392     goto    0x392            	GOTO	_00717_DS_
000388   3c0d     movai   0xd              	MOVAI	0x0d
000389   4873     rsubar  0x73             	RSUBAR	(_shut_down_ms_cnt + 2)
00038a   e587     jbset   0x187, 0x2       	JBSET	PFLAG,2
00038b   a392     goto    0x392            	GOTO	_00717_DS_
00038c   3cbb     movai   0xbb             	MOVAI	0xbb
00038d   4872     rsubar  0x72             	RSUBAR	(_shut_down_ms_cnt + 1)
00038e   e587     jbset   0x187, 0x2       	JBSET	PFLAG,2
00038f   a392     goto    0x392            	GOTO	_00717_DS_
000390   3ca0     movai   0xa0             	MOVAI	0xa0
000391   4871     rsubar  0x71             	RSUBAR	_shut_down_ms_cnt
                                           _00717_DS_
000392   e187     jbset   0x187, 0         	JBSET	PFLAG,0
000393   a3a4     goto    0x3a4            	GOTO	_00707_DS_
                                           ;;genSkipc:3291: created from rifx:013B5EFC
                                           ;	.line	843; "MC32P7351.c"	LED_WORKING_OFF(); // 关闭电源指示灯
000394   c994     bset    0x194, 0x4       	BSET	_IOP1bits,4
                                           ;	.line	844; "MC32P7351.c"	LED_CHARGING_OFF();
000395   c990     bset    0x190, 0x4       	BSET	_IOP0bits,4
                                           ;	.line	845; "MC32P7351.c"	HEATING_OFF(); // 关闭加热
000396   d594     bclr    0x194, 0x2       	BCLR	_IOP1bits,2
                                           ;	.line	846; "MC32P7351.c"	FLAG_IS_HEATING = 0;
000397   d295     bclr    0x95, 0x1        	BCLR	_flag1,1
                                           ;	.line	847; "MC32P7351.c"	mode_flag = MODE_4; // 下一次切换模式时，会变成 MODE_1
000398   3c03     movai   0x3              	MOVAI	0x03
000399   568c     movra   0x8c             	MOVRA	_mode_flag
                                           ;	.line	849; "MC32P7351.c"	PWM0EC = 0;
00039a   dd98     bclr    0x198, 0x6       	BCLR	_T0CRbits,6
                                           ;	.line	850; "MC32P7351.c"	PWM1EC = 0;
00039b   dd9c     bclr    0x19c, 0x6       	BCLR	_T1CRbits,6
                                           ;	.line	852; "MC32P7351.c"	FLAG_IS_DEVICE_OPEN = 0;
00039c   d095     bclr    0x95, 0          	BCLR	_flag1,0
                                           ;	.line	853; "MC32P7351.c"	inflation_ctl_status = INFLATION_CTL_STATUS_DEFLATION;
00039d   3c02     movai   0x2              	MOVAI	0x02
00039e   5692     movra   0x92             	MOVRA	_inflation_ctl_status
00039f   a3a4     goto    0x3a4            	GOTO	_00707_DS_
                                           _00705_DS_
                                           ;	.line	859; "MC32P7351.c"	shut_down_ms_cnt = 0;
0003a0   7671     clrr    0x71             	CLRR	_shut_down_ms_cnt
0003a1   7672     clrr    0x72             	CLRR	(_shut_down_ms_cnt + 1)
0003a2   7673     clrr    0x73             	CLRR	(_shut_down_ms_cnt + 2)
0003a3   7674     clrr    0x74             	CLRR	(_shut_down_ms_cnt + 3)
                                           _00707_DS_
                                           ;	.line	861; "MC32P7351.c"	}
0003a4   000c     return                   	RETURN	
                                           ; exit point of _shutdown_scan_handle
                                           
                                           ;***
                                           ;  pBlock Stats: dbName = C
                                           ;***
                                           ;entry:  _turn_dir_scan_handle	;Function start
                                           ; 2 exit points
                                           ;has an exit
                                           ;functions called:
                                           ;   _delay_ms
                                           ;   _delay_ms
                                           ;   _delay_ms
                                           ;   _delay_ms
                                           ;1 compiler assigned register :
                                           ;   STK00
                                           ;; Starting pCode block
                                           _turn_dir_scan_handle	;Function start
                                           ; 2 exit points
                                           ;	.line	801; "MC32P7351.c"	if (FLAG_IS_DEVICE_OPEN)
0003a5   e095     jbset   0x95, 0          	JBSET	_flag1,0
0003a6   a3d0     goto    0x3d0            	GOTO	_00672_DS_
                                           ;;unsigned compare: left < lit(0x1D4C0=120000), size=4
                                           ;	.line	805; "MC32P7351.c"	if (turn_dir_ms_cnt >= (120000) ||
0003a7   3c00     movai   0                	MOVAI	0x00
0003a8   4870     rsubar  0x70             	RSUBAR	(_turn_dir_ms_cnt + 3)
0003a9   e587     jbset   0x187, 0x2       	JBSET	PFLAG,2
0003aa   a3b5     goto    0x3b5            	GOTO	_00688_DS_
0003ab   3c01     movai   0x1              	MOVAI	0x01
0003ac   486f     rsubar  0x6f             	RSUBAR	(_turn_dir_ms_cnt + 2)
0003ad   e587     jbset   0x187, 0x2       	JBSET	PFLAG,2
0003ae   a3b5     goto    0x3b5            	GOTO	_00688_DS_
0003af   3cd4     movai   0xd4             	MOVAI	0xd4
0003b0   486e     rsubar  0x6e             	RSUBAR	(_turn_dir_ms_cnt + 1)
0003b1   e587     jbset   0x187, 0x2       	JBSET	PFLAG,2
0003b2   a3b5     goto    0x3b5            	GOTO	_00688_DS_
0003b3   3cc0     movai   0xc0             	MOVAI	0xc0
0003b4   486d     rsubar  0x6d             	RSUBAR	_turn_dir_ms_cnt
                                           _00688_DS_
0003b5   f187     jbclr   0x187, 0         	JBCLR	PFLAG,0
0003b6   a3b9     goto    0x3b9            	GOTO	_00668_DS_
                                           ;;genSkipc:3291: created from rifx:013B5EFC
                                           ;	.line	806; "MC32P7351.c"	flag_ctl_dir)
0003b7   e097     jbset   0x97, 0          	JBSET	_flag3,0
0003b8   a3d4     goto    0x3d4            	GOTO	_00674_DS_
                                           _00668_DS_
                                           ;	.line	808; "MC32P7351.c"	if (0 == FLAG_DIR)
0003b9   f695     jbclr   0x95, 0x3        	JBCLR	_flag1,3
0003ba   a3c3     goto    0x3c3            	GOTO	_00666_DS_
                                           ;	.line	810; "MC32P7351.c"	PWM1EC = 0;
0003bb   dd9c     bclr    0x19c, 0x6       	BCLR	_T1CRbits,6
                                           ;	.line	811; "MC32P7351.c"	delay_ms(1000);
0003bc   3ce8     movai   0xe8             	MOVAI	0xe8
0003bd   5606     movra   0x6              	MOVRA	STK00
0003be   3c03     movai   0x3              	MOVAI	0x03
0003bf   86ba     call    0x6ba            	CALL	_delay_ms
                                           ;	.line	812; "MC32P7351.c"	PWM0EC = 1;
0003c0   cd98     bset    0x198, 0x6       	BSET	_T0CRbits,6
                                           ;	.line	813; "MC32P7351.c"	FLAG_DIR = 1; //
0003c1   c695     bset    0x95, 0x3        	BSET	_flag1,3
0003c2   a3ca     goto    0x3ca            	GOTO	_00667_DS_
                                           _00666_DS_
                                           ;	.line	817; "MC32P7351.c"	PWM0EC = 0; //
0003c3   dd98     bclr    0x198, 0x6       	BCLR	_T0CRbits,6
                                           ;	.line	818; "MC32P7351.c"	delay_ms(1000);
0003c4   3ce8     movai   0xe8             	MOVAI	0xe8
0003c5   5606     movra   0x6              	MOVRA	STK00
0003c6   3c03     movai   0x3              	MOVAI	0x03
0003c7   86ba     call    0x6ba            	CALL	_delay_ms
                                           ;	.line	819; "MC32P7351.c"	PWM1EC = 1;   //
0003c8   cd9c     bset    0x19c, 0x6       	BSET	_T1CRbits,6
                                           ;	.line	820; "MC32P7351.c"	FLAG_DIR = 0; //
0003c9   d695     bclr    0x95, 0x3        	BCLR	_flag1,3
                                           _00667_DS_
                                           ;	.line	823; "MC32P7351.c"	flag_ctl_dir = 0;
0003ca   d097     bclr    0x97, 0          	BCLR	_flag3,0
                                           ;	.line	824; "MC32P7351.c"	turn_dir_ms_cnt = 0;
0003cb   766d     clrr    0x6d             	CLRR	_turn_dir_ms_cnt
0003cc   766e     clrr    0x6e             	CLRR	(_turn_dir_ms_cnt + 1)
0003cd   766f     clrr    0x6f             	CLRR	(_turn_dir_ms_cnt + 2)
0003ce   7670     clrr    0x70             	CLRR	(_turn_dir_ms_cnt + 3)
0003cf   a3d4     goto    0x3d4            	GOTO	_00674_DS_
                                           _00672_DS_
                                           ;	.line	829; "MC32P7351.c"	turn_dir_ms_cnt = 0; // 设备未运行时，清空计数值
0003d0   766d     clrr    0x6d             	CLRR	_turn_dir_ms_cnt
0003d1   766e     clrr    0x6e             	CLRR	(_turn_dir_ms_cnt + 1)
0003d2   766f     clrr    0x6f             	CLRR	(_turn_dir_ms_cnt + 2)
0003d3   7670     clrr    0x70             	CLRR	(_turn_dir_ms_cnt + 3)
                                           _00674_DS_
                                           ;	.line	831; "MC32P7351.c"	}
0003d4   000c     return                   	RETURN	
                                           ; exit point of _turn_dir_scan_handle
                                           
                                           ;***
                                           ;  pBlock Stats: dbName = C
                                           ;***
                                           ;entry:  _adc_scan_handle	;Function start
                                           ; 2 exit points
                                           ;has an exit
                                           ;functions called:
                                           ;   _adc_sel_pin
                                           ;   _adc_get_val
                                           ;   _key_event_handle
                                           ;   _adc_sel_pin
                                           ;   _adc_get_val
                                           ;   _key_event_handle
                                           ;   _adc_sel_pin
                                           ;   _adc_get_val
                                           ;   _key_event_handle
                                           ;   _adc_sel_pin
                                           ;   _adc_get_val
                                           ;   _key_event_handle
                                           ;1 compiler assigned register :
                                           ;   STK00
                                           ;; Starting pCode block
                                           _adc_scan_handle	;Function start
                                           ; 2 exit points
                                           ;	.line	519; "MC32P7351.c"	volatile u8 cnt = 0;             // 计数值，用于检测电池是否满电，也是用于检测是否插入/拔出充电器的计数值
0003d5   7628     clrr    0x28             	CLRR	_adc_scan_handle_cnt_65536_93
                                           ;	.line	520; "MC32P7351.c"	volatile u8 need_charge_cnt = 0; // 计数值，用于检测是否要快速充电
0003d6   7629     clrr    0x29             	CLRR	_adc_scan_handle_need_charge_cnt_65536_93
                                           ;	.line	522; "MC32P7351.c"	adc_bat_val = 0;
0003d7   7675     clrr    0x75             	CLRR	_adc_bat_val
0003d8   7676     clrr    0x76             	CLRR	(_adc_bat_val + 1)
0003d9   7677     clrr    0x77             	CLRR	(_adc_bat_val + 2)
0003da   7678     clrr    0x78             	CLRR	(_adc_bat_val + 3)
                                           ;	.line	523; "MC32P7351.c"	adc_charging_val = 0;
0003db   7683     clrr    0x83             	CLRR	_adc_charging_val
0003dc   7684     clrr    0x84             	CLRR	(_adc_charging_val + 1)
                                           ;	.line	525; "MC32P7351.c"	adc_sel_pin(ADC_PIN_P02_AN1); // 切换到检测电池降压后的电压的检测引脚
0003dd   3c02     movai   0x2              	MOVAI	0x02
0003de   868b     call    0x68b            	CALL	_adc_sel_pin
                                           ;	.line	526; "MC32P7351.c"	for (i = 0; i < 10; i++)      // 每55ms进入一次，循环内每次间隔约4.8ms
0003df   768e     clrr    0x8e             	CLRR	_i
                                           ;;unsigned compare: left < lit(0xA=10), size=1
                                           _00508_DS_
0003e0   3c0a     movai   0xa              	MOVAI	0x0a
0003e1   488e     rsubar  0x8e             	RSUBAR	_i
0003e2   f187     jbclr   0x187, 0         	JBCLR	PFLAG,0
0003e3   a488     goto    0x488            	GOTO	_00471_DS_
                                           ;;genSkipc:3291: created from rifx:013B5EFC
                                           ;	.line	528; "MC32P7351.c"	adc_val = adc_get_val();
0003e4   85ee     call    0x5ee            	CALL	_adc_get_val
0003e5   5682     movra   0x82             	MOVRA	(_adc_val + 1)
0003e6   5806     movar   0x6              	MOVAR	STK00
0003e7   5681     movra   0x81             	MOVRA	_adc_val
                                           ;	.line	530; "MC32P7351.c"	if (i == 0)
0003e8   3c00     movai   0                	MOVAI	0x00
0003e9   5c8e     orar    0x8e             	ORAR	_i
0003ea   e587     jbset   0x187, 0x2       	JBSET	PFLAG,2
0003eb   a3f2     goto    0x3f2            	GOTO	_00407_DS_
                                           ;	.line	532; "MC32P7351.c"	adc_bat_val = adc_val;
0003ec   5881     movar   0x81             	MOVAR	_adc_val
0003ed   5675     movra   0x75             	MOVRA	_adc_bat_val
0003ee   5882     movar   0x82             	MOVAR	(_adc_val + 1)
0003ef   5676     movra   0x76             	MOVRA	(_adc_bat_val + 1)
0003f0   7677     clrr    0x77             	CLRR	(_adc_bat_val + 2)
0003f1   7678     clrr    0x78             	CLRR	(_adc_bat_val + 3)
                                           _00407_DS_
                                           ;	.line	535; "MC32P7351.c"	if (FLAG_IS_IN_CHARGING)
0003f2   e495     jbset   0x95, 0x2        	JBSET	_flag1,2
0003f3   a447     goto    0x447            	GOTO	_00469_DS_
                                           ;;unsigned compare: left < lit(0xF52=3922), size=2
                                           ;	.line	538; "MC32P7351.c"	if (adc_val >= ADCDETECT_BAT_FULL + ADCDETECT_BAT_NULL_EX)
0003f4   3c0f     movai   0xf              	MOVAI	0x0f
0003f5   4882     rsubar  0x82             	RSUBAR	(_adc_val + 1)
0003f6   e587     jbset   0x187, 0x2       	JBSET	PFLAG,2
0003f7   a3fa     goto    0x3fa            	GOTO	_00644_DS_
0003f8   3c52     movai   0x52             	MOVAI	0x52
0003f9   4881     rsubar  0x81             	RSUBAR	_adc_val
                                           _00644_DS_
0003fa   e187     jbset   0x187, 0         	JBSET	PFLAG,0
0003fb   a3fe     goto    0x3fe            	GOTO	_00409_DS_
                                           ;;genSkipc:3291: created from rifx:013B5EFC
                                           ;	.line	541; "MC32P7351.c"	T2DATA = 0;
0003fc   77a3     clrr    0x1a3            	CLRR	_T2DATA
                                           ;	.line	542; "MC32P7351.c"	over_charging_cnt++;
0003fd   6690     incr    0x90             	INCR	_over_charging_cnt
                                           ;;unsigned compare: left < lit(0xE3A=3642), size=2
                                           _00409_DS_
                                           ;	.line	545; "MC32P7351.c"	if (adc_val >= ADCDETECT_BAT_FULL) // 检测电池是否满电
0003fe   3c0e     movai   0xe              	MOVAI	0x0e
0003ff   4882     rsubar  0x82             	RSUBAR	(_adc_val + 1)
000400   e587     jbset   0x187, 0x2       	JBSET	PFLAG,2
000401   a404     goto    0x404            	GOTO	_00645_DS_
000402   3c3a     movai   0x3a             	MOVAI	0x3a
000403   4881     rsubar  0x81             	RSUBAR	_adc_val
                                           _00645_DS_
000404   e187     jbset   0x187, 0         	JBSET	PFLAG,0
000405   a408     goto    0x408            	GOTO	_00413_DS_
                                           ;;genSkipc:3291: created from rifx:013B5EFC
                                           ;	.line	547; "MC32P7351.c"	cnt++;
000406   6628     incr    0x28             	INCR	_adc_scan_handle_cnt_65536_93
000407   a411     goto    0x411            	GOTO	_00414_DS_
                                           ;;unsigned compare: left < lit(0xD90=3472), size=2
                                           _00413_DS_
                                           ;	.line	549; "MC32P7351.c"	else if (adc_val < ADCDETECT_BAT_WILL_FULL) // 检测是否要快速充电
000408   3c0d     movai   0xd              	MOVAI	0x0d
000409   4882     rsubar  0x82             	RSUBAR	(_adc_val + 1)
00040a   e587     jbset   0x187, 0x2       	JBSET	PFLAG,2
00040b   a40e     goto    0x40e            	GOTO	_00646_DS_
00040c   3c90     movai   0x90             	MOVAI	0x90
00040d   4881     rsubar  0x81             	RSUBAR	_adc_val
                                           _00646_DS_
00040e   f187     jbclr   0x187, 0         	JBCLR	PFLAG,0
00040f   a411     goto    0x411            	GOTO	_00414_DS_
                                           ;;genSkipc:3291: created from rifx:013B5EFC
                                           ;	.line	551; "MC32P7351.c"	need_charge_cnt++;
000410   6629     incr    0x29             	INCR	_adc_scan_handle_need_charge_cnt_65536_93
                                           ;;unsigned compare: left < lit(0xAB3420=11220000), size=4
                                           _00414_DS_
                                           ;	.line	555; "MC32P7351.c"	if (charge_time_cnt >= ((u32)3 * 60 * 60 * 1000 + (u32)7 * 60 * 1000) && 0 == flag_is_led_breath_disable) // 3h7min
000411   3c00     movai   0                	MOVAI	0x00
000412   4880     rsubar  0x80             	RSUBAR	(_charge_time_cnt + 3)
000413   e587     jbset   0x187, 0x2       	JBSET	PFLAG,2
000414   a41f     goto    0x41f            	GOTO	_00647_DS_
000415   3cab     movai   0xab             	MOVAI	0xab
000416   487f     rsubar  0x7f             	RSUBAR	(_charge_time_cnt + 2)
000417   e587     jbset   0x187, 0x2       	JBSET	PFLAG,2
000418   a41f     goto    0x41f            	GOTO	_00647_DS_
000419   3c34     movai   0x34             	MOVAI	0x34
00041a   487e     rsubar  0x7e             	RSUBAR	(_charge_time_cnt + 1)
00041b   e587     jbset   0x187, 0x2       	JBSET	PFLAG,2
00041c   a41f     goto    0x41f            	GOTO	_00647_DS_
00041d   3c20     movai   0x20             	MOVAI	0x20
00041e   487d     rsubar  0x7d             	RSUBAR	_charge_time_cnt
                                           _00647_DS_
00041f   e187     jbset   0x187, 0         	JBSET	PFLAG,0
000420   a427     goto    0x427            	GOTO	_00422_DS_
                                           ;;genSkipc:3291: created from rifx:013B5EFC
000421   fe95     jbclr   0x95, 0x7        	JBCLR	_flag1,7
000422   a427     goto    0x427            	GOTO	_00422_DS_
                                           ;	.line	561; "MC32P7351.c"	flag_is_led_breath_disable = 1;
000423   ce95     bset    0x95, 0x7        	BSET	_flag1,7
                                           ;	.line	562; "MC32P7351.c"	flag_is_bat_nearly_fully_charged = 1; // 标志位，表示电池即将充满电
000424   c696     bset    0x96, 0x3        	BSET	_flag2,3
                                           ;	.line	563; "MC32P7351.c"	LED_CHARGING_OFF();                   // 关闭充电指示灯
000425   c990     bset    0x190, 0x4       	BSET	_IOP0bits,4
                                           ;	.line	564; "MC32P7351.c"	LED_WORKING_ON();                     // 打开电源指示灯，表示充满电
000426   d994     bclr    0x194, 0x4       	BCLR	_IOP1bits,4
                                           ;;unsigned compare: left < lit(0x8=8), size=1
                                           _00422_DS_
                                           ;	.line	587; "MC32P7351.c"	if (cnt >= 8 || over_charging_cnt >= 8)
000427   3c08     movai   0x8              	MOVAI	0x08
000428   4828     rsubar  0x28             	RSUBAR	_adc_scan_handle_cnt_65536_93
000429   f187     jbclr   0x187, 0         	JBCLR	PFLAG,0
00042a   a42f     goto    0x42f            	GOTO	_00435_DS_
                                           ;;genSkipc:3291: created from rifx:013B5EFC
                                           ;;unsigned compare: left < lit(0x8=8), size=1
00042b   3c08     movai   0x8              	MOVAI	0x08
00042c   4890     rsubar  0x90             	RSUBAR	_over_charging_cnt
00042d   e187     jbset   0x187, 0         	JBSET	PFLAG,0
00042e   a440     goto    0x440            	GOTO	_00436_DS_
                                           ;;genSkipc:3291: created from rifx:013B5EFC
                                           _00435_DS_
                                           ;	.line	591; "MC32P7351.c"	full_charge_cnt++;
00042f   6691     incr    0x91             	INCR	_full_charge_cnt
                                           ;;unsigned compare: left < lit(0x64=100), size=1
                                           ;	.line	592; "MC32P7351.c"	if (full_charge_cnt >= 100 || over_charging_cnt >= 8) // 5.5s或者是连续触发了若干次过充保护
000430   3c64     movai   0x64             	MOVAI	0x64
000431   4891     rsubar  0x91             	RSUBAR	_full_charge_cnt
000432   f187     jbclr   0x187, 0         	JBCLR	PFLAG,0
000433   a438     goto    0x438            	GOTO	_00430_DS_
                                           ;;genSkipc:3291: created from rifx:013B5EFC
                                           ;;unsigned compare: left < lit(0x8=8), size=1
000434   3c08     movai   0x8              	MOVAI	0x08
000435   4890     rsubar  0x90             	RSUBAR	_over_charging_cnt
000436   e187     jbset   0x187, 0         	JBSET	PFLAG,0
000437   a485     goto    0x485            	GOTO	_00470_DS_
                                           ;;genSkipc:3291: created from rifx:013B5EFC
                                           _00430_DS_
                                           ;	.line	594; "MC32P7351.c"	full_charge_cnt = 0; //
000438   7691     clrr    0x91             	CLRR	_full_charge_cnt
                                           ;	.line	596; "MC32P7351.c"	PWM2EC = 0; // 关闭控制升压电路的pwm
000439   dda0     bclr    0x1a0, 0x6       	BCLR	_T2CRbits,6
                                           ;	.line	597; "MC32P7351.c"	T2DATA = 0;
00043a   77a3     clrr    0x1a3            	CLRR	_T2DATA
                                           ;	.line	599; "MC32P7351.c"	FLAG_BAT_IS_NEED_CHARGE = 0;
00043b   d895     bclr    0x95, 0x4        	BCLR	_flag1,4
                                           ;	.line	600; "MC32P7351.c"	FLAG_BAT_IS_FULL = 1;
00043c   ca95     bset    0x95, 0x5        	BSET	_flag1,5
                                           ;	.line	602; "MC32P7351.c"	LED_CHARGING_OFF(); // 关闭充电指示灯
00043d   c990     bset    0x190, 0x4       	BSET	_IOP0bits,4
                                           ;	.line	605; "MC32P7351.c"	LED_WORKING_ON(); // 打开电源指示灯，表示充满电
00043e   d994     bclr    0x194, 0x4       	BCLR	_IOP1bits,4
                                           ;	.line	606; "MC32P7351.c"	break;
00043f   a488     goto    0x488            	GOTO	_00471_DS_
                                           ;;unsigned compare: left < lit(0x8=8), size=1
                                           _00436_DS_
                                           ;	.line	609; "MC32P7351.c"	else if (need_charge_cnt >= 8)
000440   3c08     movai   0x8              	MOVAI	0x08
000441   4829     rsubar  0x29             	RSUBAR	_adc_scan_handle_need_charge_cnt_65536_93
000442   e187     jbset   0x187, 0         	JBSET	PFLAG,0
000443   a485     goto    0x485            	GOTO	_00470_DS_
                                           ;;genSkipc:3291: created from rifx:013B5EFC
                                           ;	.line	614; "MC32P7351.c"	FLAG_BAT_IS_NEED_CHARGE = 1;
000444   c895     bset    0x95, 0x4        	BSET	_flag1,4
                                           ;	.line	615; "MC32P7351.c"	FLAG_BAT_IS_FULL = 0;
000445   da95     bclr    0x95, 0x5        	BCLR	_flag1,5
                                           ;	.line	616; "MC32P7351.c"	break;
000446   a488     goto    0x488            	GOTO	_00471_DS_
                                           ;;swapping arguments (AOP_TYPEs 1/3)
                                           ;;unsigned compare: left >= lit(0xDE6=3558), size=2
                                           _00469_DS_
                                           ;	.line	622; "MC32P7351.c"	if (adc_val <= ADCDETECT_BAT_FULL - ((ADCDETECT_BAT_FULL - ADCDETECT_BAT_WILL_FULL) / 2))
000447   3c0d     movai   0xd              	MOVAI	0x0d
000448   4882     rsubar  0x82             	RSUBAR	(_adc_val + 1)
000449   e587     jbset   0x187, 0x2       	JBSET	PFLAG,2
00044a   a44d     goto    0x44d            	GOTO	_00653_DS_
00044b   3ce6     movai   0xe6             	MOVAI	0xe6
00044c   4881     rsubar  0x81             	RSUBAR	_adc_val
                                           _00653_DS_
00044d   f187     jbclr   0x187, 0         	JBCLR	PFLAG,0
00044e   a450     goto    0x450            	GOTO	_00440_DS_
                                           ;;genSkipc:3291: created from rifx:013B5EFC
                                           ;	.line	624; "MC32P7351.c"	cnt++;
00044f   6628     incr    0x28             	INCR	_adc_scan_handle_cnt_65536_93
                                           ;;unsigned compare: left < lit(0x8=8), size=1
                                           _00440_DS_
                                           ;	.line	627; "MC32P7351.c"	if (cnt >= 8)
000450   3c08     movai   0x8              	MOVAI	0x08
000451   4828     rsubar  0x28             	RSUBAR	_adc_scan_handle_cnt_65536_93
000452   e187     jbset   0x187, 0         	JBSET	PFLAG,0
000453   a457     goto    0x457            	GOTO	_00442_DS_
                                           ;;genSkipc:3291: created from rifx:013B5EFC
                                           ;	.line	630; "MC32P7351.c"	FLAG_BAT_IS_NEED_CHARGE = 1;
000454   c895     bset    0x95, 0x4        	BSET	_flag1,4
                                           ;	.line	631; "MC32P7351.c"	FLAG_BAT_IS_FULL = 0;
000455   da95     bclr    0x95, 0x5        	BCLR	_flag1,5
                                           ;	.line	632; "MC32P7351.c"	break;
000456   a488     goto    0x488            	GOTO	_00471_DS_
                                           _00442_DS_
                                           ;	.line	636; "MC32P7351.c"	FLAG_IS_DEVICE_OPEN &&     /* 设备正在运行 */
000457   e095     jbset   0x95, 0          	JBSET	_flag1,0
000458   a463     goto    0x463            	GOTO	_00448_DS_
                                           ;;unsigned compare: left < lit(0xA93=2707), size=2
                                           ;	.line	638; "MC32P7351.c"	)
000459   3c0a     movai   0xa              	MOVAI	0x0a
00045a   4882     rsubar  0x82             	RSUBAR	(_adc_val + 1)
00045b   e587     jbset   0x187, 0x2       	JBSET	PFLAG,2
00045c   a45f     goto    0x45f            	GOTO	_00655_DS_
00045d   3c93     movai   0x93             	MOVAI	0x93
00045e   4881     rsubar  0x81             	RSUBAR	_adc_val
                                           _00655_DS_
00045f   f187     jbclr   0x187, 0         	JBCLR	PFLAG,0
000460   a463     goto    0x463            	GOTO	_00448_DS_
                                           ;;genSkipc:3291: created from rifx:013B5EFC
                                           ;	.line	640; "MC32P7351.c"	flag_tim_scan_maybe_shut_down = 1;
000461   c697     bset    0x97, 0x3        	BSET	_flag3,3
000462   a472     goto    0x472            	GOTO	_00449_DS_
                                           _00448_DS_
                                           ;	.line	642; "MC32P7351.c"	else if (FLAG_IS_DEVICE_OPEN &&
000463   e095     jbset   0x95, 0          	JBSET	_flag1,0
000464   a470     goto    0x470            	GOTO	_00444_DS_
                                           ;;unsigned compare: left < lit(0xB15=2837), size=2
                                           ;	.line	643; "MC32P7351.c"	adc_val < LOW_BATTERY_AD_VAL)
000465   3c0b     movai   0xb              	MOVAI	0x0b
000466   4882     rsubar  0x82             	RSUBAR	(_adc_val + 1)
000467   e587     jbset   0x187, 0x2       	JBSET	PFLAG,2
000468   a46b     goto    0x46b            	GOTO	_00656_DS_
000469   3c15     movai   0x15             	MOVAI	0x15
00046a   4881     rsubar  0x81             	RSUBAR	_adc_val
                                           _00656_DS_
00046b   f187     jbclr   0x187, 0         	JBCLR	PFLAG,0
00046c   a470     goto    0x470            	GOTO	_00444_DS_
                                           ;;genSkipc:3291: created from rifx:013B5EFC
                                           ;	.line	646; "MC32P7351.c"	flag_maybe_low_battery = 1;
00046d   c497     bset    0x97, 0x2        	BSET	_flag3,2
                                           ;	.line	647; "MC32P7351.c"	flag_tim_scan_maybe_shut_down = 0;
00046e   d697     bclr    0x97, 0x3        	BCLR	_flag3,3
00046f   a472     goto    0x472            	GOTO	_00449_DS_
                                           _00444_DS_
                                           ;	.line	651; "MC32P7351.c"	flag_maybe_low_battery = 0;
000470   d497     bclr    0x97, 0x2        	BCLR	_flag3,2
                                           ;	.line	652; "MC32P7351.c"	flag_tim_scan_maybe_shut_down = 0;
000471   d697     bclr    0x97, 0x3        	BCLR	_flag3,3
                                           _00449_DS_
                                           ;	.line	656; "MC32P7351.c"	if (flag_is_needed_shut_down && FLAG_IS_DEVICE_OPEN)
000472   e897     jbset   0x97, 0x4        	JBSET	_flag3,4
000473   a485     goto    0x485            	GOTO	_00470_DS_
000474   e095     jbset   0x95, 0          	JBSET	_flag1,0
000475   a485     goto    0x485            	GOTO	_00470_DS_
                                           ;	.line	658; "MC32P7351.c"	flag_is_needed_shut_down = 0;
000476   d897     bclr    0x97, 0x4        	BCLR	_flag3,4
                                           ;	.line	660; "MC32P7351.c"	LED_WORKING_OFF(); // 关闭电源指示灯
000477   c994     bset    0x194, 0x4       	BSET	_IOP1bits,4
                                           ;	.line	661; "MC32P7351.c"	LED_CHARGING_OFF();
000478   c990     bset    0x190, 0x4       	BSET	_IOP0bits,4
                                           ;	.line	662; "MC32P7351.c"	HEATING_OFF(); // 关闭加热
000479   d594     bclr    0x194, 0x2       	BCLR	_IOP1bits,2
                                           ;	.line	663; "MC32P7351.c"	FLAG_IS_DEVICE_OPEN = 0;
00047a   d095     bclr    0x95, 0          	BCLR	_flag1,0
                                           ;	.line	664; "MC32P7351.c"	FLAG_IS_HEATING = 0;
00047b   d295     bclr    0x95, 0x1        	BCLR	_flag1,1
                                           ;	.line	666; "MC32P7351.c"	if (flag_is_low_battery)
00047c   e496     jbset   0x96, 0x2        	JBSET	_flag2,2
00047d   a480     goto    0x480            	GOTO	_00464_DS_
                                           ;	.line	669; "MC32P7351.c"	flag_is_low_battery = 0;
00047e   d496     bclr    0x96, 0x2        	BCLR	_flag2,2
                                           ;	.line	670; "MC32P7351.c"	LED_CHARGING_OFF(); // 关闭用于报警的LED
00047f   c990     bset    0x190, 0x4       	BSET	_IOP0bits,4
                                           _00464_DS_
                                           ;	.line	673; "MC32P7351.c"	mode_flag = MODE_1; // 下一次切换模式时，会变成 MODE_2
000480   768c     clrr    0x8c             	CLRR	_mode_flag
                                           ;	.line	676; "MC32P7351.c"	PWM0EC = 0;
000481   dd98     bclr    0x198, 0x6       	BCLR	_T0CRbits,6
                                           ;	.line	677; "MC32P7351.c"	PWM1EC = 0;
000482   dd9c     bclr    0x19c, 0x6       	BCLR	_T1CRbits,6
                                           ;	.line	679; "MC32P7351.c"	inflation_ctl_status = INFLATION_CTL_STATUS_DEFLATION; // 放气
000483   3c02     movai   0x2              	MOVAI	0x02
000484   5692     movra   0x92             	MOVRA	_inflation_ctl_status
                                           _00470_DS_
                                           ;	.line	684; "MC32P7351.c"	key_event_handle();
000485   84e5     call    0x4e5            	CALL	_key_event_handle
                                           ;	.line	526; "MC32P7351.c"	for (i = 0; i < 10; i++)      // 每55ms进入一次，循环内每次间隔约4.8ms
000486   668e     incr    0x8e             	INCR	_i
000487   a3e0     goto    0x3e0            	GOTO	_00508_DS_
                                           _00471_DS_
                                           ;	.line	687; "MC32P7351.c"	cnt = 0;
000488   7628     clrr    0x28             	CLRR	_adc_scan_handle_cnt_65536_93
                                           ;	.line	688; "MC32P7351.c"	adc_sel_pin(ADC_PIN_P00_AN0); // 切换到检测充电的电压检测引脚(检测到的充电电压 == USB-C口电压 / 2)
000489   3c01     movai   0x1              	MOVAI	0x01
00048a   868b     call    0x68b            	CALL	_adc_sel_pin
                                           ;	.line	689; "MC32P7351.c"	for (i = 0; i < 10; i++)
00048b   768e     clrr    0x8e             	CLRR	_i
                                           ;;unsigned compare: left < lit(0xA=10), size=1
                                           _00511_DS_
00048c   3c0a     movai   0xa              	MOVAI	0x0a
00048d   488e     rsubar  0x8e             	RSUBAR	_i
00048e   f187     jbclr   0x187, 0         	JBCLR	PFLAG,0
00048f   a4e4     goto    0x4e4            	GOTO	_00513_DS_
                                           ;;genSkipc:3291: created from rifx:013B5EFC
                                           ;	.line	691; "MC32P7351.c"	adc_val = adc_get_val();
000490   85ee     call    0x5ee            	CALL	_adc_get_val
000491   5682     movra   0x82             	MOVRA	(_adc_val + 1)
000492   5806     movar   0x6              	MOVAR	STK00
000493   5681     movra   0x81             	MOVRA	_adc_val
                                           ;	.line	693; "MC32P7351.c"	if (adc_charging_val != 0)
000494   5883     movar   0x83             	MOVAR	_adc_charging_val
000495   5c84     orar    0x84             	ORAR	(_adc_charging_val + 1)
000496   f587     jbclr   0x187, 0x2       	JBCLR	PFLAG,2
000497   a4a2     goto    0x4a2            	GOTO	_00473_DS_
                                           ;	.line	695; "MC32P7351.c"	adc_charging_val += adc_val;
000498   5881     movar   0x81             	MOVAR	_adc_val
000499   7e83     addra   0x83             	ADDRA	_adc_charging_val
00049a   5882     movar   0x82             	MOVAR	(_adc_val + 1)
00049b   f187     jbclr   0x187, 0         	JBCLR	PFLAG,0
00049c   6082     jzar    0x82             	JZAR	(_adc_val + 1)
00049d   7e84     addra   0x84             	ADDRA	(_adc_charging_val + 1)
                                           ;;shiftRight_Left2ResultLit:5339: shCount=1, size=2, sign=0, same=1, offr=0
                                           ;	.line	696; "MC32P7351.c"	adc_charging_val /= 2;
00049e   d187     bclr    0x187, 0         	BCLR	PFLAG,0
00049f   4e84     rrr     0x84             	RRR	(_adc_charging_val + 1)
0004a0   4e83     rrr     0x83             	RRR	_adc_charging_val
0004a1   a4a8     goto    0x4a8            	GOTO	_00474_DS_
                                           _00473_DS_
                                           ;	.line	700; "MC32P7351.c"	adc_charging_val += adc_val;
0004a2   5881     movar   0x81             	MOVAR	_adc_val
0004a3   7e83     addra   0x83             	ADDRA	_adc_charging_val
0004a4   5882     movar   0x82             	MOVAR	(_adc_val + 1)
0004a5   f187     jbclr   0x187, 0         	JBCLR	PFLAG,0
0004a6   6082     jzar    0x82             	JZAR	(_adc_val + 1)
0004a7   7e84     addra   0x84             	ADDRA	(_adc_charging_val + 1)
                                           _00474_DS_
                                           ;	.line	703; "MC32P7351.c"	if (FLAG_IS_IN_CHARGING)
0004a8   e495     jbset   0x95, 0x2        	JBSET	_flag1,2
0004a9   a4c5     goto    0x4c5            	GOTO	_00504_DS_
                                           ;;unsigned compare: left < lit(0x800=2048), size=2
                                           ;	.line	706; "MC32P7351.c"	if (adc_val < ADCDETECT_CHARING_THRESHOLD)
0004aa   3c08     movai   0x8              	MOVAI	0x08
0004ab   4882     rsubar  0x82             	RSUBAR	(_adc_val + 1)
0004ac   e587     jbset   0x187, 0x2       	JBSET	PFLAG,2
0004ad   a4b0     goto    0x4b0            	GOTO	_00658_DS_
0004ae   3c00     movai   0                	MOVAI	0x00
0004af   4881     rsubar  0x81             	RSUBAR	_adc_val
                                           _00658_DS_
0004b0   f187     jbclr   0x187, 0         	JBCLR	PFLAG,0
0004b1   a4b3     goto    0x4b3            	GOTO	_00476_DS_
                                           ;;genSkipc:3291: created from rifx:013B5EFC
                                           ;	.line	708; "MC32P7351.c"	cnt++;
0004b2   6628     incr    0x28             	INCR	_adc_scan_handle_cnt_65536_93
                                           ;;unsigned compare: left < lit(0x8=8), size=1
                                           _00476_DS_
                                           ;	.line	711; "MC32P7351.c"	if (cnt >= 8)
0004b3   3c08     movai   0x8              	MOVAI	0x08
0004b4   4828     rsubar  0x28             	RSUBAR	_adc_scan_handle_cnt_65536_93
0004b5   e187     jbset   0x187, 0         	JBSET	PFLAG,0
0004b6   a4bd     goto    0x4bd            	GOTO	_00484_DS_
                                           ;;genSkipc:3291: created from rifx:013B5EFC
                                           ;	.line	714; "MC32P7351.c"	FLAG_IS_IN_CHARGING = 0;
0004b7   d495     bclr    0x95, 0x2        	BCLR	_flag1,2
                                           ;	.line	715; "MC32P7351.c"	LED_CHARGING_OFF(); // 关闭充电指示灯
0004b8   c990     bset    0x190, 0x4       	BSET	_IOP0bits,4
                                           ;	.line	716; "MC32P7351.c"	PWM2EC = 0;         // 关闭控制升压电路的pwm
0004b9   dda0     bclr    0x1a0, 0x6       	BCLR	_T2CRbits,6
                                           ;	.line	717; "MC32P7351.c"	T2DATA = 0;
0004ba   77a3     clrr    0x1a3            	CLRR	_T2DATA
                                           ;	.line	719; "MC32P7351.c"	LED_WORKING_OFF(); // 关闭电池充满电的指示灯（白灯）
0004bb   c994     bset    0x194, 0x4       	BSET	_IOP1bits,4
                                           ;	.line	721; "MC32P7351.c"	break;
0004bc   a4e4     goto    0x4e4            	GOTO	_00513_DS_
                                           _00484_DS_
                                           ;	.line	724; "MC32P7351.c"	if (0 == FLAG_IS_DEVICE_OPEN)
0004bd   f095     jbclr   0x95, 0          	JBCLR	_flag1,0
0004be   a4e1     goto    0x4e1            	GOTO	_00505_DS_
                                           ;	.line	727; "MC32P7351.c"	if (0 == FLAG_BAT_IS_FULL &&
0004bf   fa95     jbclr   0x95, 0x5        	JBCLR	_flag1,5
0004c0   a4e1     goto    0x4e1            	GOTO	_00505_DS_
                                           ;	.line	728; "MC32P7351.c"	0 == flag_is_bat_nearly_fully_charged)
0004c1   f696     jbclr   0x96, 0x3        	JBCLR	_flag2,3
0004c2   a4e1     goto    0x4e1            	GOTO	_00505_DS_
                                           ;	.line	732; "MC32P7351.c"	LED_WORKING_OFF();
0004c3   c994     bset    0x194, 0x4       	BSET	_IOP1bits,4
0004c4   a4e1     goto    0x4e1            	GOTO	_00505_DS_
                                           ;;unsigned compare: left < lit(0x800=2048), size=2
                                           _00504_DS_
                                           ;	.line	740; "MC32P7351.c"	if (adc_val >= ADCDETECT_CHARING_THRESHOLD)
0004c5   3c08     movai   0x8              	MOVAI	0x08
0004c6   4882     rsubar  0x82             	RSUBAR	(_adc_val + 1)
0004c7   e587     jbset   0x187, 0x2       	JBSET	PFLAG,2
0004c8   a4cb     goto    0x4cb            	GOTO	_00660_DS_
0004c9   3c00     movai   0                	MOVAI	0x00
0004ca   4881     rsubar  0x81             	RSUBAR	_adc_val
                                           _00660_DS_
0004cb   e187     jbset   0x187, 0         	JBSET	PFLAG,0
0004cc   a4ce     goto    0x4ce            	GOTO	_00494_DS_
                                           ;;genSkipc:3291: created from rifx:013B5EFC
                                           ;	.line	742; "MC32P7351.c"	cnt++;
0004cd   6628     incr    0x28             	INCR	_adc_scan_handle_cnt_65536_93
                                           ;;unsigned compare: left < lit(0x8=8), size=1
                                           _00494_DS_
                                           ;	.line	745; "MC32P7351.c"	if (cnt >= 8)
0004ce   3c08     movai   0x8              	MOVAI	0x08
0004cf   4828     rsubar  0x28             	RSUBAR	_adc_scan_handle_cnt_65536_93
0004d0   e187     jbset   0x187, 0         	JBSET	PFLAG,0
0004d1   a4e1     goto    0x4e1            	GOTO	_00505_DS_
                                           ;;genSkipc:3291: created from rifx:013B5EFC
                                           ;	.line	751; "MC32P7351.c"	full_charge_cnt = 0;
0004d2   7691     clrr    0x91             	CLRR	_full_charge_cnt
                                           ;	.line	752; "MC32P7351.c"	over_charging_cnt = 0;
0004d3   7690     clrr    0x90             	CLRR	_over_charging_cnt
                                           ;	.line	754; "MC32P7351.c"	FLAG_IS_IN_CHARGING = 1;
0004d4   c495     bset    0x95, 0x2        	BSET	_flag1,2
                                           ;	.line	757; "MC32P7351.c"	PWM2EC = 1; // 开启控制升压电路的pwm
0004d5   cda0     bset    0x1a0, 0x6       	BSET	_T2CRbits,6
                                           ;	.line	759; "MC32P7351.c"	LED_WORKING_OFF(); // 关闭电源指示灯
0004d6   c994     bset    0x194, 0x4       	BSET	_IOP1bits,4
                                           ;	.line	760; "MC32P7351.c"	HEATING_OFF();     // 关闭加热
0004d7   d594     bclr    0x194, 0x2       	BCLR	_IOP1bits,2
                                           ;	.line	761; "MC32P7351.c"	FLAG_IS_DEVICE_OPEN = 0;
0004d8   d095     bclr    0x95, 0          	BCLR	_flag1,0
                                           ;	.line	762; "MC32P7351.c"	FLAG_IS_HEATING = 0;
0004d9   d295     bclr    0x95, 0x1        	BCLR	_flag1,1
                                           ;	.line	763; "MC32P7351.c"	mode_flag = MODE_1; // 下一次切换模式时，会变成 MODE_2
0004da   768c     clrr    0x8c             	CLRR	_mode_flag
                                           ;	.line	765; "MC32P7351.c"	PWM0EC = 0;
0004db   dd98     bclr    0x198, 0x6       	BCLR	_T0CRbits,6
                                           ;	.line	766; "MC32P7351.c"	PWM1EC = 0;
0004dc   dd9c     bclr    0x19c, 0x6       	BCLR	_T1CRbits,6
                                           ;	.line	767; "MC32P7351.c"	inflation_ctl_status = INFLATION_CTL_STATUS_DEFLATION; // 放气
0004dd   3c02     movai   0x2              	MOVAI	0x02
0004de   5692     movra   0x92             	MOVRA	_inflation_ctl_status
                                           ;	.line	769; "MC32P7351.c"	flag_is_low_battery = 0; // 清除该标志位
0004df   d496     bclr    0x96, 0x2        	BCLR	_flag2,2
                                           ;	.line	770; "MC32P7351.c"	break;
0004e0   a4e4     goto    0x4e4            	GOTO	_00513_DS_
                                           _00505_DS_
                                           ;	.line	795; "MC32P7351.c"	key_event_handle();
0004e1   84e5     call    0x4e5            	CALL	_key_event_handle
                                           ;	.line	689; "MC32P7351.c"	for (i = 0; i < 10; i++)
0004e2   668e     incr    0x8e             	INCR	_i
0004e3   a48c     goto    0x48c            	GOTO	_00511_DS_
                                           _00513_DS_
                                           ;	.line	797; "MC32P7351.c"	}
0004e4   000c     return                   	RETURN	
                                           ; exit point of _adc_scan_handle
                                           
                                           ;***
                                           ;  pBlock Stats: dbName = C
                                           ;***
                                           ;entry:  _key_event_handle	;Function start
                                           ; 2 exit points
                                           ;has an exit
                                           ;; Starting pCode block
                                           _key_event_handle	;Function start
                                           ; 2 exit points
                                           ;	.line	403; "MC32P7351.c"	if (FLAG_IS_DEVICE_OPEN)
0004e5   e095     jbset   0x95, 0          	JBSET	_flag1,0
0004e6   a537     goto    0x537            	GOTO	_00400_DS_
                                           ;	.line	406; "MC32P7351.c"	if (KEY_EVENT_MODE_HOLD == key_event)
0004e7   588b     movar   0x8b             	MOVAR	_key_event
0004e8   3903     xorai   0x3              	XORAI	0x03
0004e9   e587     jbset   0x187, 0x2       	JBSET	PFLAG,2
0004ea   a4fa     goto    0x4fa            	GOTO	_00388_DS_
                                           ;	.line	409; "MC32P7351.c"	LED_WORKING_OFF(); // 关闭电源指示灯
0004eb   c994     bset    0x194, 0x4       	BSET	_IOP1bits,4
                                           ;	.line	410; "MC32P7351.c"	LED_CHARGING_OFF();
0004ec   c990     bset    0x190, 0x4       	BSET	_IOP0bits,4
                                           ;	.line	411; "MC32P7351.c"	HEATING_OFF(); // 关闭加热
0004ed   d594     bclr    0x194, 0x2       	BCLR	_IOP1bits,2
                                           ;	.line	412; "MC32P7351.c"	FLAG_IS_DEVICE_OPEN = 0;
0004ee   d095     bclr    0x95, 0          	BCLR	_flag1,0
                                           ;	.line	413; "MC32P7351.c"	FLAG_IS_HEATING = 0;
0004ef   d295     bclr    0x95, 0x1        	BCLR	_flag1,1
                                           ;	.line	415; "MC32P7351.c"	if (flag_is_low_battery)
0004f0   e496     jbset   0x96, 0x2        	JBSET	_flag2,2
0004f1   a4f4     goto    0x4f4            	GOTO	_00352_DS_
                                           ;	.line	418; "MC32P7351.c"	flag_is_low_battery = 0;
0004f2   d496     bclr    0x96, 0x2        	BCLR	_flag2,2
                                           ;	.line	419; "MC32P7351.c"	LED_CHARGING_OFF(); // 关闭用于报警的LED
0004f3   c990     bset    0x190, 0x4       	BSET	_IOP0bits,4
                                           _00352_DS_
                                           ;	.line	422; "MC32P7351.c"	mode_flag = MODE_1; // 下一次切换模式时，会变成 MODE_2
0004f4   768c     clrr    0x8c             	CLRR	_mode_flag
                                           ;	.line	425; "MC32P7351.c"	PWM0EC = 0;
0004f5   dd98     bclr    0x198, 0x6       	BCLR	_T0CRbits,6
                                           ;	.line	426; "MC32P7351.c"	PWM1EC = 0;
0004f6   dd9c     bclr    0x19c, 0x6       	BCLR	_T1CRbits,6
                                           ;	.line	428; "MC32P7351.c"	inflation_ctl_status = INFLATION_CTL_STATUS_DEFLATION; // 放气
0004f7   3c02     movai   0x2              	MOVAI	0x02
0004f8   5692     movra   0x92             	MOVRA	_inflation_ctl_status
0004f9   a548     goto    0x548            	GOTO	_00401_DS_
                                           _00388_DS_
                                           ;	.line	430; "MC32P7351.c"	else if (KEY_EVENT_MODE_PRESS == key_event)
0004fa   588b     movar   0x8b             	MOVAR	_key_event
0004fb   3902     xorai   0x2              	XORAI	0x02
0004fc   e587     jbset   0x187, 0x2       	JBSET	PFLAG,2
0004fd   a527     goto    0x527            	GOTO	_00385_DS_
                                           ;	.line	432; "MC32P7351.c"	if (MODE_1 == mode_flag)
0004fe   3c00     movai   0                	MOVAI	0x00
0004ff   5c8c     orar    0x8c             	ORAR	_mode_flag
000500   e587     jbset   0x187, 0x2       	JBSET	PFLAG,2
000501   a50a     goto    0x50a            	GOTO	_00359_DS_
                                           ;	.line	435; "MC32P7351.c"	T0DATA = 160;
000502   3ca0     movai   0xa0             	MOVAI	0xa0
000503   579b     movra   0x19b            	MOVRA	_T0DATA
                                           ;	.line	436; "MC32P7351.c"	T1DATA = 160;
000504   3ca0     movai   0xa0             	MOVAI	0xa0
000505   579f     movra   0x19f            	MOVRA	_T1DATA
                                           ;	.line	438; "MC32P7351.c"	mode_flag = MODE_2;
000506   3c01     movai   0x1              	MOVAI	0x01
000507   568c     movra   0x8c             	MOVRA	_mode_flag
                                           ;	.line	439; "MC32P7351.c"	flag_ctl_dir = 1;
000508   c097     bset    0x97, 0          	BSET	_flag3,0
000509   a522     goto    0x522            	GOTO	_00360_DS_
                                           _00359_DS_
                                           ;	.line	441; "MC32P7351.c"	else if (MODE_2 == mode_flag)
00050a   588c     movar   0x8c             	MOVAR	_mode_flag
00050b   3901     xorai   0x1              	XORAI	0x01
00050c   e587     jbset   0x187, 0x2       	JBSET	PFLAG,2
00050d   a516     goto    0x516            	GOTO	_00356_DS_
                                           ;	.line	444; "MC32P7351.c"	T0DATA = 255;
00050e   3cff     movai   0xff             	MOVAI	0xff
00050f   579b     movra   0x19b            	MOVRA	_T0DATA
                                           ;	.line	445; "MC32P7351.c"	T1DATA = 255; // 100%占空比（确保大于TxLOAD的值就可以）
000510   3cff     movai   0xff             	MOVAI	0xff
000511   579f     movra   0x19f            	MOVRA	_T1DATA
                                           ;	.line	447; "MC32P7351.c"	mode_flag = MODE_3;
000512   3c02     movai   0x2              	MOVAI	0x02
000513   568c     movra   0x8c             	MOVRA	_mode_flag
                                           ;	.line	448; "MC32P7351.c"	flag_ctl_dir = 1;
000514   c097     bset    0x97, 0          	BSET	_flag3,0
000515   a522     goto    0x522            	GOTO	_00360_DS_
                                           _00356_DS_
                                           ;	.line	450; "MC32P7351.c"	else if (MODE_3 == mode_flag)
000516   588c     movar   0x8c             	MOVAR	_mode_flag
000517   3902     xorai   0x2              	XORAI	0x02
000518   e587     jbset   0x187, 0x2       	JBSET	PFLAG,2
000519   a522     goto    0x522            	GOTO	_00360_DS_
                                           ;	.line	452; "MC32P7351.c"	T0DATA = 150;
00051a   3c96     movai   0x96             	MOVAI	0x96
00051b   579b     movra   0x19b            	MOVRA	_T0DATA
                                           ;	.line	453; "MC32P7351.c"	T1DATA = 150;
00051c   3c96     movai   0x96             	MOVAI	0x96
00051d   579f     movra   0x19f            	MOVRA	_T1DATA
                                           ;	.line	454; "MC32P7351.c"	mode_flag = MODE_1;
00051e   768c     clrr    0x8c             	CLRR	_mode_flag
                                           ;	.line	455; "MC32P7351.c"	flag_ctl_dir = 1;
00051f   c097     bset    0x97, 0          	BSET	_flag3,0
                                           ;	.line	457; "MC32P7351.c"	inflation_ctl_status = INFLATION_CTL_STATUS_INFLATION; // 充气
000520   3c01     movai   0x1              	MOVAI	0x01
000521   5692     movra   0x92             	MOVRA	_inflation_ctl_status
                                           _00360_DS_
                                           ;	.line	469; "MC32P7351.c"	turn_dir_ms_cnt = 0; // 重置切换方向的计数
000522   766d     clrr    0x6d             	CLRR	_turn_dir_ms_cnt
000523   766e     clrr    0x6e             	CLRR	(_turn_dir_ms_cnt + 1)
000524   766f     clrr    0x6f             	CLRR	(_turn_dir_ms_cnt + 2)
000525   7670     clrr    0x70             	CLRR	(_turn_dir_ms_cnt + 3)
000526   a548     goto    0x548            	GOTO	_00401_DS_
                                           _00385_DS_
                                           ;	.line	471; "MC32P7351.c"	else if (KEY_EVENT_HEAT_PRESS == key_event)
000527   588b     movar   0x8b             	MOVAR	_key_event
000528   3901     xorai   0x1              	XORAI	0x01
000529   e587     jbset   0x187, 0x2       	JBSET	PFLAG,2
00052a   a548     goto    0x548            	GOTO	_00401_DS_
                                           ;	.line	473; "MC32P7351.c"	if (0 == FLAG_IS_HEATING)
00052b   f295     jbclr   0x95, 0x1        	JBCLR	_flag1,1
00052c   a532     goto    0x532            	GOTO	_00370_DS_
                                           ;	.line	475; "MC32P7351.c"	HEATING_ON(); // 打开加热
00052d   c594     bset    0x194, 0x2       	BSET	_IOP1bits,2
                                           ;	.line	476; "MC32P7351.c"	LED_WORKING_OFF();
00052e   c994     bset    0x194, 0x4       	BSET	_IOP1bits,4
                                           ;	.line	477; "MC32P7351.c"	LED_CHARGING_ON();
00052f   d990     bclr    0x190, 0x4       	BCLR	_IOP0bits,4
                                           ;	.line	478; "MC32P7351.c"	FLAG_IS_HEATING = 1;
000530   c295     bset    0x95, 0x1        	BSET	_flag1,1
000531   a548     goto    0x548            	GOTO	_00401_DS_
                                           _00370_DS_
                                           ;	.line	482; "MC32P7351.c"	HEATING_OFF(); // 关闭加热
000532   d594     bclr    0x194, 0x2       	BCLR	_IOP1bits,2
                                           ;	.line	483; "MC32P7351.c"	LED_CHARGING_OFF();
000533   c990     bset    0x190, 0x4       	BSET	_IOP0bits,4
                                           ;	.line	484; "MC32P7351.c"	LED_WORKING_ON();
000534   d994     bclr    0x194, 0x4       	BCLR	_IOP1bits,4
                                           ;	.line	485; "MC32P7351.c"	FLAG_IS_HEATING = 0;
000535   d295     bclr    0x95, 0x1        	BCLR	_flag1,1
000536   a548     goto    0x548            	GOTO	_00401_DS_
                                           _00400_DS_
                                           ;	.line	492; "MC32P7351.c"	if (KEY_EVENT_MODE_HOLD == key_event && 0 == FLAG_IS_IN_CHARGING)
000537   588b     movar   0x8b             	MOVAR	_key_event
000538   3903     xorai   0x3              	XORAI	0x03
000539   e587     jbset   0x187, 0x2       	JBSET	PFLAG,2
00053a   a548     goto    0x548            	GOTO	_00401_DS_
00053b   f495     jbclr   0x95, 0x2        	JBCLR	_flag1,2
00053c   a548     goto    0x548            	GOTO	_00401_DS_
                                           ;	.line	495; "MC32P7351.c"	LED_CHARGING_OFF(); // 关闭充电指示灯
00053d   c990     bset    0x190, 0x4       	BSET	_IOP0bits,4
                                           ;	.line	496; "MC32P7351.c"	LED_WORKING_ON();   // 打开电源指示灯
00053e   d994     bclr    0x194, 0x4       	BCLR	_IOP1bits,4
                                           ;	.line	497; "MC32P7351.c"	FLAG_IS_DEVICE_OPEN = 1;
00053f   c095     bset    0x95, 0          	BSET	_flag1,0
                                           ;	.line	500; "MC32P7351.c"	T0DATA = 150;
000540   3c96     movai   0x96             	MOVAI	0x96
000541   579b     movra   0x19b            	MOVRA	_T0DATA
                                           ;	.line	501; "MC32P7351.c"	T1DATA = 150;
000542   3c96     movai   0x96             	MOVAI	0x96
000543   579f     movra   0x19f            	MOVRA	_T1DATA
                                           ;	.line	502; "MC32P7351.c"	mode_flag = MODE_1; // 下一次切换模式时，会变成 MODE_2
000544   768c     clrr    0x8c             	CLRR	_mode_flag
                                           ;	.line	507; "MC32P7351.c"	PWM1EC = 1;
000545   cd9c     bset    0x19c, 0x6       	BSET	_T1CRbits,6
                                           ;	.line	509; "MC32P7351.c"	inflation_ctl_status = INFLATION_CTL_STATUS_INFLATION; // 充气
000546   3c01     movai   0x1              	MOVAI	0x01
000547   5692     movra   0x92             	MOVRA	_inflation_ctl_status
                                           _00401_DS_
                                           ;	.line	514; "MC32P7351.c"	key_event = KEY_EVENT_NONE;
000548   768b     clrr    0x8b             	CLRR	_key_event
                                           ;	.line	515; "MC32P7351.c"	}
000549   000c     return                   	RETURN	
                                           ; exit point of _key_event_handle
                                           
                                           ;***
                                           ;  pBlock Stats: dbName = C
                                           ;***
                                           ;entry:  _key_scan	;Function start
                                           ; 2 exit points
                                           ;has an exit
                                           ;; Starting pCode block
                                           _key_scan	;Function start
                                           ; 2 exit points
                                           ;	.line	286; "MC32P7351.c"	volatile u8 cur_key_id = KEY_ID_NONE;
00054a   7622     clrr    0x22             	CLRR	_key_scan_cur_key_id_65536_31
                                           ;	.line	290; "MC32P7351.c"	if (0 == KEY_MODE_PIN)
00054b   f390     jbclr   0x190, 0x1       	JBCLR	_IOP0bits,1
00054c   a550     goto    0x550            	GOTO	_00211_DS_
                                           ;	.line	292; "MC32P7351.c"	cur_key_id = KEY_ID_MODE;
00054d   3c01     movai   0x1              	MOVAI	0x01
00054e   5622     movra   0x22             	MOVRA	_key_scan_cur_key_id_65536_31
00054f   a554     goto    0x554            	GOTO	_00212_DS_
                                           _00211_DS_
                                           ;	.line	294; "MC32P7351.c"	else if (0 == KEY_HEAT_PIN)
000550   f394     jbclr   0x194, 0x1       	JBCLR	_IOP1bits,1
000551   a554     goto    0x554            	GOTO	_00212_DS_
                                           ;	.line	296; "MC32P7351.c"	cur_key_id = KEY_ID_HEAT;
000552   3c02     movai   0x2              	MOVAI	0x02
000553   5622     movra   0x22             	MOVRA	_key_scan_cur_key_id_65536_31
                                           _00212_DS_
                                           ;	.line	299; "MC32P7351.c"	if (cur_key_id != filter_key_id)
000554   5824     movar   0x24             	MOVAR	_key_scan_filter_key_id_65536_31
000555   4022     xorar   0x22             	XORAR	_key_scan_cur_key_id_65536_31
000556   e587     jbset   0x187, 0x2       	JBSET	PFLAG,2
000557   a559     goto    0x559            	GOTO	_00332_DS_
000558   a55d     goto    0x55d            	GOTO	_00214_DS_
                                           _00332_DS_
                                           ;	.line	302; "MC32P7351.c"	filter_cnt = 0;
000559   7623     clrr    0x23             	CLRR	_key_scan_filter_cnt_65536_31
                                           ;	.line	303; "MC32P7351.c"	filter_key_id = cur_key_id;
00055a   5822     movar   0x22             	MOVAR	_key_scan_cur_key_id_65536_31
00055b   5624     movra   0x24             	MOVRA	_key_scan_filter_key_id_65536_31
                                           ;	.line	304; "MC32P7351.c"	return;
00055c   a5b4     goto    0x5b4            	GOTO	_00254_DS_
                                           ;;unsigned compare: left < lit(0x3=3), size=1
                                           _00214_DS_
                                           ;	.line	307; "MC32P7351.c"	if (filter_cnt < KEY_FILTER_TIMES)
00055d   3c03     movai   0x3              	MOVAI	0x03
00055e   4823     rsubar  0x23             	RSUBAR	_key_scan_filter_cnt_65536_31
00055f   f187     jbclr   0x187, 0         	JBCLR	PFLAG,0
000560   a563     goto    0x563            	GOTO	_00216_DS_
                                           ;;genSkipc:3291: created from rifx:013B5EFC
                                           ;	.line	311; "MC32P7351.c"	filter_cnt++;
000561   6623     incr    0x23             	INCR	_key_scan_filter_cnt_65536_31
                                           ;	.line	312; "MC32P7351.c"	return;
000562   a5b4     goto    0x5b4            	GOTO	_00254_DS_
                                           _00216_DS_
                                           ;	.line	317; "MC32P7351.c"	if (last_key_id != cur_key_id)
000563   5822     movar   0x22             	MOVAR	_key_scan_cur_key_id_65536_31
000564   4027     xorar   0x27             	XORAR	_key_scan_last_key_id_65536_31
000565   e587     jbset   0x187, 0x2       	JBSET	PFLAG,2
000566   a568     goto    0x568            	GOTO	_00334_DS_
000567   a58a     goto    0x58a            	GOTO	_00252_DS_
                                           _00334_DS_
                                           ;	.line	319; "MC32P7351.c"	if (last_key_id == KEY_ID_NONE)
000568   3c00     movai   0                	MOVAI	0x00
000569   5c27     orar    0x27             	ORAR	_key_scan_last_key_id_65536_31
00056a   e587     jbset   0x187, 0x2       	JBSET	PFLAG,2
00056b   a56e     goto    0x56e            	GOTO	_00230_DS_
                                           ;	.line	322; "MC32P7351.c"	press_cnt = 0;
00056c   7625     clrr    0x25             	CLRR	_key_scan_press_cnt_65536_31
00056d   a5b2     goto    0x5b2            	GOTO	_00253_DS_
                                           _00230_DS_
                                           ;	.line	324; "MC32P7351.c"	else if (cur_key_id == KEY_ID_NONE)
00056e   3c00     movai   0                	MOVAI	0x00
00056f   5c22     orar    0x22             	ORAR	_key_scan_cur_key_id_65536_31
000570   e587     jbset   0x187, 0x2       	JBSET	PFLAG,2
000571   a5b2     goto    0x5b2            	GOTO	_00253_DS_
                                           ;;unsigned compare: left < lit(0x4B=75), size=1
                                           ;	.line	327; "MC32P7351.c"	if (press_cnt < 75)
000572   3c4b     movai   0x4b             	MOVAI	0x4b
000573   4825     rsubar  0x25             	RSUBAR	_key_scan_press_cnt_65536_31
000574   f187     jbclr   0x187, 0         	JBCLR	PFLAG,0
000575   a584     goto    0x584            	GOTO	_00225_DS_
                                           ;;genSkipc:3291: created from rifx:013B5EFC
                                           ;	.line	330; "MC32P7351.c"	if (KEY_ID_MODE == last_key_id)
000576   5827     movar   0x27             	MOVAR	_key_scan_last_key_id_65536_31
000577   3901     xorai   0x1              	XORAI	0x01
000578   e587     jbset   0x187, 0x2       	JBSET	PFLAG,2
000579   a57d     goto    0x57d            	GOTO	_00220_DS_
                                           ;	.line	333; "MC32P7351.c"	key_event = KEY_EVENT_MODE_PRESS;
00057a   3c02     movai   0x2              	MOVAI	0x02
00057b   568b     movra   0x8b             	MOVRA	_key_event
00057c   a5b2     goto    0x5b2            	GOTO	_00253_DS_
                                           _00220_DS_
                                           ;	.line	339; "MC32P7351.c"	else if (KEY_ID_HEAT == last_key_id)
00057d   5827     movar   0x27             	MOVAR	_key_scan_last_key_id_65536_31
00057e   3902     xorai   0x2              	XORAI	0x02
00057f   e587     jbset   0x187, 0x2       	JBSET	PFLAG,2
000580   a5b2     goto    0x5b2            	GOTO	_00253_DS_
                                           ;	.line	342; "MC32P7351.c"	key_event = KEY_EVENT_HEAT_PRESS;
000581   3c01     movai   0x1              	MOVAI	0x01
000582   568b     movra   0x8b             	MOVRA	_key_event
000583   a5b2     goto    0x5b2            	GOTO	_00253_DS_
                                           _00225_DS_
                                           ;	.line	350; "MC32P7351.c"	if (KEY_ID_MODE == last_key_id)
000584   5827     movar   0x27             	MOVAR	_key_scan_last_key_id_65536_31
000585   3901     xorai   0x1              	XORAI	0x01
000586   e587     jbset   0x187, 0x2       	JBSET	PFLAG,2
000587   a5b2     goto    0x5b2            	GOTO	_00253_DS_
                                           ;	.line	352; "MC32P7351.c"	flag_is_key_mode_hold = 0;
000588   7626     clrr    0x26             	CLRR	_key_scan_flag_is_key_mode_hold_65536_31
000589   a5b2     goto    0x5b2            	GOTO	_00253_DS_
                                           _00252_DS_
                                           ;	.line	357; "MC32P7351.c"	else if (cur_key_id != KEY_ID_NONE)
00058a   3c00     movai   0                	MOVAI	0x00
00058b   5c22     orar    0x22             	ORAR	_key_scan_cur_key_id_65536_31
00058c   f587     jbclr   0x187, 0x2       	JBCLR	PFLAG,2
00058d   a5b2     goto    0x5b2            	GOTO	_00253_DS_
                                           ;;unsigned compare: left < lit(0xFF=255), size=1
                                           ;	.line	360; "MC32P7351.c"	if (press_cnt < 255)
00058e   3cff     movai   0xff             	MOVAI	0xff
00058f   4825     rsubar  0x25             	RSUBAR	_key_scan_press_cnt_65536_31
000590   f187     jbclr   0x187, 0         	JBCLR	PFLAG,0
000591   a593     goto    0x593            	GOTO	_00233_DS_
                                           ;;genSkipc:3291: created from rifx:013B5EFC
                                           ;	.line	361; "MC32P7351.c"	press_cnt++;
000592   6625     incr    0x25             	INCR	_key_scan_press_cnt_65536_31
                                           _00233_DS_
                                           ;	.line	363; "MC32P7351.c"	if (KEY_ID_MODE == cur_key_id)
000593   5822     movar   0x22             	MOVAR	_key_scan_cur_key_id_65536_31
000594   3901     xorai   0x1              	XORAI	0x01
000595   e587     jbset   0x187, 0x2       	JBSET	PFLAG,2
000596   a5b2     goto    0x5b2            	GOTO	_00253_DS_
                                           ;	.line	365; "MC32P7351.c"	if (FLAG_IS_DEVICE_OPEN)
000597   e095     jbset   0x95, 0          	JBSET	_flag1,0
000598   a5a6     goto    0x5a6            	GOTO	_00245_DS_
                                           ;;unsigned compare: left < lit(0xC8=200), size=1
                                           ;	.line	367; "MC32P7351.c"	if (press_cnt >= 200) // 2000ms
000599   3cc8     movai   0xc8             	MOVAI	0xc8
00059a   4825     rsubar  0x25             	RSUBAR	_key_scan_press_cnt_65536_31
00059b   e187     jbset   0x187, 0         	JBSET	PFLAG,0
00059c   a5b2     goto    0x5b2            	GOTO	_00253_DS_
                                           ;;genSkipc:3291: created from rifx:013B5EFC
                                           ;	.line	369; "MC32P7351.c"	if (flag_is_key_mode_hold)
00059d   3c00     movai   0                	MOVAI	0x00
00059e   5c26     orar    0x26             	ORAR	_key_scan_flag_is_key_mode_hold_65536_31
00059f   e587     jbset   0x187, 0x2       	JBSET	PFLAG,2
0005a0   a5b2     goto    0x5b2            	GOTO	_00253_DS_
                                           ;	.line	374; "MC32P7351.c"	key_event = KEY_EVENT_MODE_HOLD;
0005a1   3c03     movai   0x3              	MOVAI	0x03
0005a2   568b     movra   0x8b             	MOVRA	_key_event
                                           ;	.line	375; "MC32P7351.c"	flag_is_key_mode_hold = 1;
0005a3   3c01     movai   0x1              	MOVAI	0x01
0005a4   5626     movra   0x26             	MOVRA	_key_scan_flag_is_key_mode_hold_65536_31
0005a5   a5b2     goto    0x5b2            	GOTO	_00253_DS_
                                           ;;unsigned compare: left < lit(0x64=100), size=1
                                           _00245_DS_
                                           ;	.line	382; "MC32P7351.c"	if (press_cnt >= 100) // 1000ms加上看门狗唤醒的1024ms
0005a6   3c64     movai   0x64             	MOVAI	0x64
0005a7   4825     rsubar  0x25             	RSUBAR	_key_scan_press_cnt_65536_31
0005a8   e187     jbset   0x187, 0         	JBSET	PFLAG,0
0005a9   a5b2     goto    0x5b2            	GOTO	_00253_DS_
                                           ;;genSkipc:3291: created from rifx:013B5EFC
                                           ;	.line	384; "MC32P7351.c"	if (flag_is_key_mode_hold)
0005aa   3c00     movai   0                	MOVAI	0x00
0005ab   5c26     orar    0x26             	ORAR	_key_scan_flag_is_key_mode_hold_65536_31
0005ac   e587     jbset   0x187, 0x2       	JBSET	PFLAG,2
0005ad   a5b2     goto    0x5b2            	GOTO	_00253_DS_
                                           ;	.line	389; "MC32P7351.c"	key_event = KEY_EVENT_MODE_HOLD;
0005ae   3c03     movai   0x3              	MOVAI	0x03
0005af   568b     movra   0x8b             	MOVRA	_key_event
                                           ;	.line	390; "MC32P7351.c"	flag_is_key_mode_hold = 1;
0005b0   3c01     movai   0x1              	MOVAI	0x01
0005b1   5626     movra   0x26             	MOVRA	_key_scan_flag_is_key_mode_hold_65536_31
                                           _00253_DS_
                                           ;	.line	397; "MC32P7351.c"	last_key_id = cur_key_id;
0005b2   5822     movar   0x22             	MOVAR	_key_scan_cur_key_id_65536_31
0005b3   5627     movra   0x27             	MOVRA	_key_scan_last_key_id_65536_31
                                           _00254_DS_
                                           ;	.line	398; "MC32P7351.c"	}
0005b4   000c     return                   	RETURN	
                                           ; exit point of _key_scan
                                           
                                           ;***
                                           ;  pBlock Stats: dbName = C
                                           ;***
                                           ;entry:  _Sys_Init	;Function start
                                           ; 2 exit points
                                           ;has an exit
                                           ;functions called:
                                           ;   _CLR_RAM
                                           ;   _adc_config
                                           ;   _delay_ms
                                           ;   _CLR_RAM
                                           ;   _adc_config
                                           ;   _delay_ms
                                           ;1 compiler assigned register :
                                           ;   STK00
                                           ;; Starting pCode block
                                           _Sys_Init	;Function start
                                           ; 2 exit points
                                           ;	.line	171; "MC32P7351.c"	GIE = 0;
0005b5   df88     bclr    0x188, 0x7       	BCLR	_MCRbits,7
                                           ;	.line	172; "MC32P7351.c"	CLR_RAM();
0005b6   86ae     call    0x6ae            	CALL	_CLR_RAM
                                           ;	.line	175; "MC32P7351.c"	IOP0 = 0x00;   // io口数据位
0005b7   7790     clrr    0x190            	CLRR	_IOP0
                                           ;	.line	176; "MC32P7351.c"	OEP0 = 0x3F;   // io口方向 1:out  0:in
0005b8   3c3f     movai   0x3f             	MOVAI	0x3f
0005b9   5791     movra   0x191            	MOVRA	_OEP0
                                           ;	.line	177; "MC32P7351.c"	PUP0 = 0x00;   // io口上拉电阻   1:enable  0:disable
0005ba   7792     clrr    0x192            	CLRR	_PUP0
                                           ;	.line	178; "MC32P7351.c"	PDP0 = 0x00;   // io口下拉电阻   1:enable  0:disable
0005bb   7793     clrr    0x193            	CLRR	_PDP0
                                           ;	.line	179; "MC32P7351.c"	ADIOS0 = 0x00; // io类型选择  1:模拟输入  0:通用io
0005bc   77b6     clrr    0x1b6            	CLRR	_ADIOS0
                                           ;	.line	181; "MC32P7351.c"	IOP1 = 0x00;   // io口数据位
0005bd   7794     clrr    0x194            	CLRR	_IOP1
                                           ;	.line	182; "MC32P7351.c"	OEP1 = 0xFF;   // io口方向 1:out  0:in
0005be   3cff     movai   0xff             	MOVAI	0xff
0005bf   5795     movra   0x195            	MOVRA	_OEP1
                                           ;	.line	183; "MC32P7351.c"	PUP1 = 0x00;   // io口上拉电阻   1:enable  0:disable
0005c0   7796     clrr    0x196            	CLRR	_PUP1
                                           ;	.line	184; "MC32P7351.c"	PDP1 = 0x00;   // io口下拉电阻   1:enable  0:disable
0005c1   7797     clrr    0x197            	CLRR	_PDP1
                                           ;	.line	185; "MC32P7351.c"	ADIOS1 = 0x00; // io类型选择  1:模拟输入  0:通用io
0005c2   77b7     clrr    0x1b7            	CLRR	_ADIOS1
                                           ;	.line	192; "MC32P7351.c"	PMOD = 0x00 | (0x01 << 2); // P00、P01、P13 使能数字功能，P13配置为推挽输出
0005c3   3c04     movai   0x4              	MOVAI	0x04
0005c4   57bc     movra   0x1bc            	MOVRA	_PMOD
                                           ;	.line	193; "MC32P7351.c"	DRVCR = 0x80;              // 普通驱动
0005c5   3c80     movai   0x80             	MOVAI	0x80
0005c6   578c     movra   0x18c            	MOVRA	_DRVCR
                                           ;	.line	196; "MC32P7351.c"	LED_WORKING_OFF();
0005c7   c994     bset    0x194, 0x4       	BSET	_IOP1bits,4
                                           ;	.line	197; "MC32P7351.c"	LED_CHARGING_OFF();
0005c8   c990     bset    0x190, 0x4       	BSET	_IOP0bits,4
                                           ;	.line	198; "MC32P7351.c"	INFLATION_CTL_OFF();
0005c9   d790     bclr    0x190, 0x3       	BCLR	_IOP0bits,3
                                           ;	.line	199; "MC32P7351.c"	DEFLATION_CTL_OFF();
0005ca   d794     bclr    0x194, 0x3       	BCLR	_IOP1bits,3
                                           ;	.line	203; "MC32P7351.c"	T0LOAD = 172 - 1;
0005cb   3cab     movai   0xab             	MOVAI	0xab
0005cc   579a     movra   0x19a            	MOVRA	_T0LOAD
                                           ;	.line	205; "MC32P7351.c"	PWM0EC = 0;  // 禁止PWM输出
0005cd   dd98     bclr    0x198, 0x6       	BCLR	_T0CRbits,6
                                           ;	.line	206; "MC32P7351.c"	T0CR = 0x81; // 使能定时器，时钟源为FCPU，2分频
0005ce   3c81     movai   0x81             	MOVAI	0x81
0005cf   5798     movra   0x198            	MOVRA	_T0CR
                                           ;	.line	213; "MC32P7351.c"	T1LOAD = 172 - 1;
0005d0   3cab     movai   0xab             	MOVAI	0xab
0005d1   579e     movra   0x19e            	MOVRA	_T1LOAD
                                           ;	.line	215; "MC32P7351.c"	PWM1EC = 0;  // 禁止PWM1输出
0005d2   dd9c     bclr    0x19c, 0x6       	BCLR	_T1CRbits,6
                                           ;	.line	216; "MC32P7351.c"	T1CR = 0x81; // 使能定时器，时钟源为FCPU，2分频
0005d3   3c81     movai   0x81             	MOVAI	0x81
0005d4   579c     movra   0x19c            	MOVRA	_T1CR
                                           ;	.line	221; "MC32P7351.c"	T2CKS0 = 1;
0005d5   c7a0     bset    0x1a0, 0x3       	BSET	_T2CRbits,3
                                           ;	.line	222; "MC32P7351.c"	T2CKS1 = 0;
0005d6   d9a0     bclr    0x1a0, 0x4       	BCLR	_T2CRbits,4
                                           ;	.line	224; "MC32P7351.c"	TMRCKS0 = 0;
0005d7   d7ad     bclr    0x1ad, 0x3       	BCLR	_PWMCR1bits,3
                                           ;	.line	225; "MC32P7351.c"	TMRCKS1 = 0;
0005d8   d9ad     bclr    0x1ad, 0x4       	BCLR	_PWMCR1bits,4
                                           ;	.line	226; "MC32P7351.c"	T2LOAD = 209;
0005d9   3cd1     movai   0xd1             	MOVAI	0xd1
0005da   57a2     movra   0x1a2            	MOVRA	_T2LOAD
                                           ;	.line	228; "MC32P7351.c"	T2DATA = 0;
0005db   77a3     clrr    0x1a3            	CLRR	_T2DATA
                                           ;	.line	229; "MC32P7351.c"	PWM2EC = 0; // 禁止PWM输出
0005dc   dda0     bclr    0x1a0, 0x6       	BCLR	_T2CRbits,6
                                           ;	.line	230; "MC32P7351.c"	T2EN = 1;
0005dd   cfa0     bset    0x1a0, 0x7       	BSET	_T2CRbits,7
                                           ;	.line	239; "MC32P7351.c"	T3LOAD = 25 - 1; //
0005de   3c18     movai   0x18             	MOVAI	0x18
0005df   57a6     movra   0x1a6            	MOVRA	_T3LOAD
                                           ;	.line	240; "MC32P7351.c"	T3CR = 0x85;     // 使能定时器，时钟源选择FCPU，32分频
0005e0   3c85     movai   0x85             	MOVAI	0x85
0005e1   57a4     movra   0x1a4            	MOVRA	_T3CR
                                           ;	.line	241; "MC32P7351.c"	T3IE = 1;
0005e2   cf8a     bset    0x18a, 0x7       	BSET	_INTEbits,7
                                           ;	.line	247; "MC32P7351.c"	P11PU = 1; // 上拉
0005e3   c396     bset    0x196, 0x1       	BSET	_PUP1bits,1
                                           ;	.line	248; "MC32P7351.c"	P11OE = 0; // 输入模式
0005e4   d395     bclr    0x195, 0x1       	BCLR	_OEP1bits,1
                                           ;	.line	251; "MC32P7351.c"	P01PU = 1; // 上拉
0005e5   c392     bset    0x192, 0x1       	BSET	_PUP0bits,1
                                           ;	.line	252; "MC32P7351.c"	P01OE = 0; // 输入模式
0005e6   d391     bclr    0x191, 0x1       	BCLR	_OEP0bits,1
                                           ;	.line	254; "MC32P7351.c"	adc_config();
0005e7   86a2     call    0x6a2            	CALL	_adc_config
                                           ;	.line	256; "MC32P7351.c"	GIE = 1;
0005e8   cf88     bset    0x188, 0x7       	BSET	_MCRbits,7
                                           ;	.line	258; "MC32P7351.c"	delay_ms(1); // 等待系统稳定
0005e9   3c01     movai   0x1              	MOVAI	0x01
0005ea   5606     movra   0x6              	MOVRA	STK00
0005eb   3c00     movai   0                	MOVAI	0x00
0005ec   86ba     call    0x6ba            	CALL	_delay_ms
                                           ;	.line	259; "MC32P7351.c"	}
0005ed   000c     return                   	RETURN	
                                           ; exit point of _Sys_Init
                                           
                                           ;***
                                           ;  pBlock Stats: dbName = C
                                           ;***
                                           ;entry:  _adc_get_val	;Function start
                                           ; 2 exit points
                                           ;has an exit
                                           ;16 compiler assigned registers:
                                           ;   r0x1052
                                           ;   r0x1053
                                           ;   r0x1054
                                           ;   r0x1055
                                           ;   r0x1056
                                           ;   r0x1057
                                           ;   r0x1058
                                           ;   r0x1059
                                           ;   r0x105A
                                           ;   r0x105B
                                           ;   r0x105C
                                           ;   r0x105D
                                           ;   r0x105E
                                           ;   r0x105F
                                           ;   r0x1060
                                           ;   STK00
                                           ;; Starting pCode block
                                           _adc_get_val	;Function start
                                           ; 2 exit points
                                           ;	.line	77; "MC32P7351.c"	u32 g_tmpbuff = 0;
0005ee   7608     clrr    0x8              	CLRR	r0x1052
0005ef   7607     clrr    0x7              	CLRR	r0x1053
0005f0   7609     clrr    0x9              	CLRR	r0x1054
0005f1   760a     clrr    0xa              	CLRR	r0x1055
                                           ;	.line	78; "MC32P7351.c"	u16 g_adcmax = 0;
0005f2   760b     clrr    0xb              	CLRR	r0x1056
0005f3   760c     clrr    0xc              	CLRR	r0x1057
                                           ;	.line	79; "MC32P7351.c"	u16 g_adcmin = 0xFFFF;
0005f4   3cff     movai   0xff             	MOVAI	0xff
0005f5   560d     movra   0xd              	MOVRA	r0x1058
0005f6   560e     movra   0xe              	MOVRA	r0x1059
                                           ;	.line	82; "MC32P7351.c"	for (i = 0; i < 20; i++)
0005f7   760f     clrr    0xf              	CLRR	r0x105A
                                           _00158_DS_
                                           ;	.line	84; "MC32P7351.c"	ADEOC = 0; // 清除ADC转换完成标志位，启动AD转换
0005f8   d3b0     bclr    0x1b0, 0x1       	BCLR	_ADCR0bits,1
                                           _00147_DS_
                                           ;	.line	85; "MC32P7351.c"	while (!ADEOC)
0005f9   e3b0     jbset   0x1b0, 0x1       	JBSET	_ADCR0bits,1
0005fa   a5f9     goto    0x5f9            	GOTO	_00147_DS_
                                           ;	.line	87; "MC32P7351.c"	g_temp_value = ADRH; // 取出转换后的值
0005fb   59b4     movar   0x1b4            	MOVAR	_ADRH
0005fc   5610     movra   0x10             	MOVRA	r0x105B
0005fd   7611     clrr    0x11             	CLRR	r0x105C
                                           ;	.line	88; "MC32P7351.c"	g_temp_value = g_temp_value << 4 | (ADRL & 0x0F);
0005fe   4411     swapar  0x11             	SWAPAR	r0x105C
0005ff   3ef0     andai   0xf0             	ANDAI	0xf0
000600   5613     movra   0x13             	MOVRA	r0x105D
000601   4410     swapar  0x10             	SWAPAR	r0x105B
000602   5612     movra   0x12             	MOVRA	r0x105E
000603   3e0f     andai   0xf              	ANDAI	0x0f
000604   5e13     orra    0x13             	ORRA	r0x105D
000605   4212     xorra   0x12             	XORRA	r0x105E
000606   59b5     movar   0x1b5            	MOVAR	_ADRL
000607   5610     movra   0x10             	MOVRA	r0x105B
000608   7611     clrr    0x11             	CLRR	r0x105C
000609   3c0f     movai   0xf              	MOVAI	0x0f
00060a   7a10     andra   0x10             	ANDRA	r0x105B
00060b   7611     clrr    0x11             	CLRR	r0x105C
                                           ;;114	MOVAR	r0x105B
00060c   3c00     movai   0                	MOVAI	0x00
00060d   5615     movra   0x15             	MOVRA	r0x1060
                                           ;;113	MOVAR	r0x105F
00060e   5810     movar   0x10             	MOVAR	r0x105B
00060f   5614     movra   0x14             	MOVRA	r0x105F
000610   5c12     orar    0x12             	ORAR	r0x105E
000611   5610     movra   0x10             	MOVRA	r0x105B
000612   5815     movar   0x15             	MOVAR	r0x1060
000613   5c13     orar    0x13             	ORAR	r0x105D
000614   5611     movra   0x11             	MOVRA	r0x105C
                                           ;;unsigned compare: left < lit(0x2=2), size=1
                                           ;	.line	89; "MC32P7351.c"	if (i < 2)
000615   3c02     movai   0x2              	MOVAI	0x02
000616   480f     rsubar  0xf              	RSUBAR	r0x105A
000617   e187     jbset   0x187, 0         	JBSET	PFLAG,0
000618   a643     goto    0x643            	GOTO	_00156_DS_
                                           ;;genSkipc:3291: created from rifx:013B5EFC
                                           ;	.line	91; "MC32P7351.c"	if (g_temp_value > g_adcmax)
000619   5811     movar   0x11             	MOVAR	r0x105C
00061a   480c     rsubar  0xc              	RSUBAR	r0x1057
00061b   e587     jbset   0x187, 0x2       	JBSET	PFLAG,2
00061c   a61f     goto    0x61f            	GOTO	_00198_DS_
00061d   5810     movar   0x10             	MOVAR	r0x105B
00061e   480b     rsubar  0xb              	RSUBAR	r0x1056
                                           _00198_DS_
00061f   f187     jbclr   0x187, 0         	JBCLR	PFLAG,0
000620   a625     goto    0x625            	GOTO	_00153_DS_
                                           ;;genSkipc:3291: created from rifx:013B5EFC
                                           ;	.line	92; "MC32P7351.c"	g_adcmax = g_temp_value; // 最大
000621   5810     movar   0x10             	MOVAR	r0x105B
000622   560b     movra   0xb              	MOVRA	r0x1056
000623   5811     movar   0x11             	MOVAR	r0x105C
000624   560c     movra   0xc              	MOVRA	r0x1057
                                           _00153_DS_
                                           ;	.line	93; "MC32P7351.c"	if (g_temp_value < g_adcmin)
000625   580e     movar   0xe              	MOVAR	r0x1059
000626   4811     rsubar  0x11             	RSUBAR	r0x105C
000627   e587     jbset   0x187, 0x2       	JBSET	PFLAG,2
000628   a62b     goto    0x62b            	GOTO	_00199_DS_
000629   580d     movar   0xd              	MOVAR	r0x1058
00062a   4810     rsubar  0x10             	RSUBAR	r0x105B
                                           _00199_DS_
00062b   f187     jbclr   0x187, 0         	JBCLR	PFLAG,0
00062c   a631     goto    0x631            	GOTO	_00155_DS_
                                           ;;genSkipc:3291: created from rifx:013B5EFC
                                           ;	.line	94; "MC32P7351.c"	g_adcmin = g_temp_value; // 最小
00062d   5810     movar   0x10             	MOVAR	r0x105B
00062e   560d     movra   0xd              	MOVRA	r0x1058
00062f   5811     movar   0x11             	MOVAR	r0x105C
000630   560e     movra   0xe              	MOVRA	r0x1059
                                           ;;110	MOVAR	r0x105B
                                           ;;112	MOVAR	r0x105C
                                           _00155_DS_
                                           ;	.line	95; "MC32P7351.c"	g_tmpbuff += g_temp_value;
000631   7614     clrr    0x14             	CLRR	r0x105F
000632   7615     clrr    0x15             	CLRR	r0x1060
                                           ;;109	MOVAR	r0x105E
000633   5810     movar   0x10             	MOVAR	r0x105B
000634   5612     movra   0x12             	MOVRA	r0x105E
000635   7e08     addra   0x8              	ADDRA	r0x1052
                                           ;;111	MOVAR	r0x105D
000636   5811     movar   0x11             	MOVAR	r0x105C
000637   5613     movra   0x13             	MOVRA	r0x105D
000638   f187     jbclr   0x187, 0         	JBCLR	PFLAG,0
000639   6013     jzar    0x13             	JZAR	r0x105D
00063a   7e07     addra   0x7              	ADDRA	r0x1053
00063b   5814     movar   0x14             	MOVAR	r0x105F
00063c   f187     jbclr   0x187, 0         	JBCLR	PFLAG,0
00063d   6014     jzar    0x14             	JZAR	r0x105F
00063e   7e09     addra   0x9              	ADDRA	r0x1054
00063f   5815     movar   0x15             	MOVAR	r0x1060
000640   f187     jbclr   0x187, 0         	JBCLR	PFLAG,0
000641   6015     jzar    0x15             	JZAR	r0x1060
000642   7e0a     addra   0xa              	ADDRA	r0x1055
                                           _00156_DS_
                                           ;	.line	82; "MC32P7351.c"	for (i = 0; i < 20; i++)
000643   660f     incr    0xf              	INCR	r0x105A
                                           ;;unsigned compare: left < lit(0x14=20), size=1
000644   3c14     movai   0x14             	MOVAI	0x14
000645   480f     rsubar  0xf              	RSUBAR	r0x105A
000646   e187     jbset   0x187, 0         	JBSET	PFLAG,0
000647   a5f8     goto    0x5f8            	GOTO	_00158_DS_
                                           ;;genSkipc:3291: created from rifx:013B5EFC
                                           ;;108	MOVAR	r0x1056
                                           ;	.line	97; "MC32P7351.c"	g_tmpbuff -= g_adcmax;           // 去掉一个最大
000648   580c     movar   0xc              	MOVAR	r0x1057
000649   5610     movra   0x10             	MOVRA	r0x105B
00064a   7611     clrr    0x11             	CLRR	r0x105C
00064b   7612     clrr    0x12             	CLRR	r0x105E
                                           ;;107	MOVAR	r0x105A
00064c   580b     movar   0xb              	MOVAR	r0x1056
00064d   560f     movra   0xf              	MOVRA	r0x105A
00064e   4808     rsubar  0x8              	RSUBAR	r0x1052
00064f   560b     movra   0xb              	MOVRA	r0x1056
000650   5807     movar   0x7              	MOVAR	r0x1053
000651   560c     movra   0xc              	MOVRA	r0x1057
000652   5810     movar   0x10             	MOVAR	r0x105B
000653   e187     jbset   0x187, 0         	JBSET	PFLAG,0
000654   6010     jzar    0x10             	JZAR	r0x105B
000655   4a0c     rsubra  0xc              	RSUBRA	r0x1057
000656   5809     movar   0x9              	MOVAR	r0x1054
000657   5613     movra   0x13             	MOVRA	r0x105D
000658   5811     movar   0x11             	MOVAR	r0x105C
000659   e187     jbset   0x187, 0         	JBSET	PFLAG,0
00065a   6011     jzar    0x11             	JZAR	r0x105C
00065b   4a13     rsubra  0x13             	RSUBRA	r0x105D
00065c   5812     movar   0x12             	MOVAR	r0x105E
00065d   e187     jbset   0x187, 0         	JBSET	PFLAG,0
00065e   6412     incar   0x12             	INCAR	r0x105E
00065f   480a     rsubar  0xa              	RSUBAR	r0x1055
000660   5614     movra   0x14             	MOVRA	r0x105F
                                           ;;100	MOVAR	r0x1058
                                           ;;102	MOVAR	r0x1059
                                           ;	.line	98; "MC32P7351.c"	g_tmpbuff -= g_adcmin;           // 去掉一个最小
000661   7609     clrr    0x9              	CLRR	r0x1054
000662   760a     clrr    0xa              	CLRR	r0x1055
                                           ;;99	MOVAR	r0x1052
000663   580d     movar   0xd              	MOVAR	r0x1058
000664   5608     movra   0x8              	MOVRA	r0x1052
000665   4a0b     rsubra  0xb              	RSUBRA	r0x1056
                                           ;;101	MOVAR	r0x1053
000666   580e     movar   0xe              	MOVAR	r0x1059
000667   5607     movra   0x7              	MOVRA	r0x1053
000668   e187     jbset   0x187, 0         	JBSET	PFLAG,0
000669   6007     jzar    0x7              	JZAR	r0x1053
00066a   4a0c     rsubra  0xc              	RSUBRA	r0x1057
00066b   5809     movar   0x9              	MOVAR	r0x1054
00066c   e187     jbset   0x187, 0         	JBSET	PFLAG,0
00066d   6009     jzar    0x9              	JZAR	r0x1054
00066e   4a13     rsubra  0x13             	RSUBRA	r0x105D
00066f   580a     movar   0xa              	MOVAR	r0x1055
000670   e187     jbset   0x187, 0         	JBSET	PFLAG,0
000671   600a     jzar    0xa              	JZAR	r0x1055
000672   4a14     rsubra  0x14             	RSUBRA	r0x105F
                                           ;	.line	99; "MC32P7351.c"	g_temp_value = (g_tmpbuff >> 4); // 除以16，取平均值
000673   440b     swapar  0xb              	SWAPAR	r0x1056
000674   3e0f     andai   0xf              	ANDAI	0x0f
000675   5608     movra   0x8              	MOVRA	r0x1052
000676   440c     swapar  0xc              	SWAPAR	r0x1057
000677   5607     movra   0x7              	MOVRA	r0x1053
000678   3ef0     andai   0xf0             	ANDAI	0xf0
000679   5e08     orra    0x8              	ORRA	r0x1052
00067a   4207     xorra   0x7              	XORRA	r0x1053
00067b   4413     swapar  0x13             	SWAPAR	r0x105D
00067c   5609     movra   0x9              	MOVRA	r0x1054
00067d   3ef0     andai   0xf0             	ANDAI	0xf0
00067e   5e07     orra    0x7              	ORRA	r0x1053
00067f   4209     xorra   0x9              	XORRA	r0x1054
000680   4414     swapar  0x14             	SWAPAR	r0x105F
000681   560a     movra   0xa              	MOVRA	r0x1055
000682   3ef0     andai   0xf0             	ANDAI	0xf0
000683   5e09     orra    0x9              	ORRA	r0x1054
000684   420a     xorra   0xa              	XORRA	r0x1055
                                           ;;104	MOVAR	r0x1052
                                           ;;106	MOVAR	r0x1053
                                           ;;103	MOVAR	r0x1056
                                           ;	.line	123; "MC32P7351.c"	return g_temp_value;
000685   5808     movar   0x8              	MOVAR	r0x1052
000686   560b     movra   0xb              	MOVRA	r0x1056
000687   5606     movra   0x6              	MOVRA	STK00
                                           ;;105	MOVAR	r0x1057
000688   5807     movar   0x7              	MOVAR	r0x1053
000689   560c     movra   0xc              	MOVRA	r0x1057
                                           ;	.line	124; "MC32P7351.c"	}
00068a   000c     return                   	RETURN	
                                           ; exit point of _adc_get_val
                                           
                                           ;***
                                           ;  pBlock Stats: dbName = C
                                           ;***
                                           ;entry:  _adc_sel_pin	;Function start
                                           ; 2 exit points
                                           ;has an exit
                                           ;functions called:
                                           ;   _delay_ms
                                           ;   _delay_ms
                                           ;2 compiler assigned registers:
                                           ;   r0x1058
                                           ;   STK00
                                           ;; Starting pCode block
                                           _adc_sel_pin	;Function start
                                           ; 2 exit points
                                           ;	.line	48; "MC32P7351.c"	void adc_sel_pin(u8 adc_pin)
00068b   560d     movra   0xd              	MOVRA	r0x1058
                                           ;	.line	51; "MC32P7351.c"	switch (adc_pin)
00068c   580d     movar   0xd              	MOVAR	r0x1058
00068d   3901     xorai   0x1              	XORAI	0x01
00068e   e587     jbset   0x187, 0x2       	JBSET	PFLAG,2
00068f   a691     goto    0x691            	GOTO	_00141_DS_
000690   a697     goto    0x697            	GOTO	_00127_DS_
                                           _00141_DS_
000691   580d     movar   0xd              	MOVAR	r0x1058
000692   3902     xorai   0x2              	XORAI	0x02
000693   e587     jbset   0x187, 0x2       	JBSET	PFLAG,2
000694   a696     goto    0x696            	GOTO	_00142_DS_
000695   a69a     goto    0x69a            	GOTO	_00128_DS_
                                           _00142_DS_
000696   a69d     goto    0x69d            	GOTO	_00130_DS_
                                           _00127_DS_
                                           ;	.line	54; "MC32P7351.c"	ADCR0 &= ~(0x0F << 4); // 清空寄存器的通道选择位
000697   3c0f     movai   0xf              	MOVAI	0x0f
000698   7bb0     andra   0x1b0            	ANDRA	_ADCR0
                                           ;	.line	57; "MC32P7351.c"	break;
000699   a69d     goto    0x69d            	GOTO	_00130_DS_
                                           _00128_DS_
                                           ;	.line	60; "MC32P7351.c"	ADCR0 &= ~(0x0F << 4); // 清空寄存器的通道选择位
00069a   3c0f     movai   0xf              	MOVAI	0x0f
00069b   7bb0     andra   0x1b0            	ANDRA	_ADCR0
                                           ;	.line	61; "MC32P7351.c"	ADCR0 |= 0x01 << 4;    // AIN1--P02;
00069c   c9b0     bset    0x1b0, 0x4       	BSET	_ADCR0,4
                                           _00130_DS_
                                           ;	.line	69; "MC32P7351.c"	delay_ms(1); // 切换adc检测的引脚后，要延时一段时间，等待adc稳定，防止意料之外的检测结果
00069d   3c01     movai   0x1              	MOVAI	0x01
00069e   5606     movra   0x6              	MOVRA	STK00
00069f   3c00     movai   0                	MOVAI	0x00
0006a0   86ba     call    0x6ba            	CALL	_delay_ms
                                           ;	.line	70; "MC32P7351.c"	}
0006a1   000c     return                   	RETURN	
                                           ; exit point of _adc_sel_pin
                                           
                                           ;***
                                           ;  pBlock Stats: dbName = C
                                           ;***
                                           ;entry:  _adc_config	;Function start
                                           ; 2 exit points
                                           ;has an exit
                                           ;; Starting pCode block
                                           _adc_config	;Function start
                                           ; 2 exit points
                                           ;	.line	34; "MC32P7351.c"	P00OE = 0; // 输入模式
0006a2   d191     bclr    0x191, 0         	BCLR	_OEP0bits,0
                                           ;	.line	35; "MC32P7351.c"	P00DC = 1; // 模拟模式
0006a3   c1b6     bset    0x1b6, 0         	BSET	_ADIOS0bits,0
                                           ;	.line	38; "MC32P7351.c"	P02OE = 0; // 输入模式
0006a4   d591     bclr    0x191, 0x2       	BCLR	_OEP0bits,2
                                           ;	.line	39; "MC32P7351.c"	P02DC = 1; // 模拟模式
0006a5   c3b6     bset    0x1b6, 0x1       	BSET	_ADIOS0bits,1
                                           ;	.line	41; "MC32P7351.c"	ADCR0 = 0x0A; // 12位精度、不启用ADC转换，不使能ADC
0006a6   3c0a     movai   0xa              	MOVAI	0x0a
0006a7   57b0     movra   0x1b0            	MOVRA	_ADCR0
                                           ;	.line	42; "MC32P7351.c"	ADCR1 = 0xE1; // 125K采样（最高精度）  内部3V参考电压
0006a8   3ce1     movai   0xe1             	MOVAI	0xe1
0006a9   57b1     movra   0x1b1            	MOVRA	_ADCR1
                                           ;	.line	43; "MC32P7351.c"	ADCR2 = 0xFF; // ADC采样时间为15个ADC时钟
0006aa   3cff     movai   0xff             	MOVAI	0xff
0006ab   57b2     movra   0x1b2            	MOVRA	_ADCR2
                                           ;	.line	44; "MC32P7351.c"	ADEN = 1;     // 使能ADC
0006ac   c1b0     bset    0x1b0, 0         	BSET	_ADCR0bits,0
                                           ;	.line	45; "MC32P7351.c"	}
0006ad   000c     return                   	RETURN	
                                           ; exit point of _adc_config
                                           
                                           ;***
                                           ;  pBlock Stats: dbName = C
                                           ;***
                                           ;entry:  _CLR_RAM	;Function start
                                           ; 2 exit points
                                           ;has an exit
                                           ;; Starting pCode block
                                           _CLR_RAM	;Function start
                                           ; 2 exit points
                                           ;	.line	22; "MC32P7351.c"	for (FSR0 = 0; FSR0 < 0xff; FSR0++)
0006ae   7784     clrr    0x184            	CLRR	_FSR0
                                           ;;unsigned compare: left < lit(0xFF=255), size=1
                                           _00118_DS_
0006af   3cff     movai   0xff             	MOVAI	0xff
0006b0   4984     rsubar  0x184            	RSUBAR	_FSR0
0006b1   f187     jbclr   0x187, 0         	JBCLR	PFLAG,0
0006b2   a6b6     goto    0x6b6            	GOTO	_00116_DS_
                                           ;;genSkipc:3291: created from rifx:013B5EFC
                                           ;	.line	24; "MC32P7351.c"	INDF0 = 0x00;
0006b3   7780     clrr    0x180            	CLRR	_INDF0
                                           ;	.line	22; "MC32P7351.c"	for (FSR0 = 0; FSR0 < 0xff; FSR0++)
0006b4   6784     incr    0x184            	INCR	_FSR0
0006b5   a6af     goto    0x6af            	GOTO	_00118_DS_
                                           _00116_DS_
                                           ;	.line	26; "MC32P7351.c"	FSR0 = 0xFF;
0006b6   3cff     movai   0xff             	MOVAI	0xff
0006b7   5784     movra   0x184            	MOVRA	_FSR0
                                           ;	.line	27; "MC32P7351.c"	INDF0 = 0x00;
0006b8   7780     clrr    0x180            	CLRR	_INDF0
                                           ;	.line	28; "MC32P7351.c"	}
0006b9   000c     return                   	RETURN	
                                           ; exit point of _CLR_RAM
                                           
                                           ;***
                                           ;  pBlock Stats: dbName = C
                                           ;***
                                           ;entry:  _delay_ms	;Function start
                                           ; 2 exit points
                                           ;has an exit
                                           ;7 compiler assigned registers:
                                           ;   r0x1052
                                           ;   STK00
                                           ;   r0x1053
                                           ;   r0x1054
                                           ;   r0x1055
                                           ;   r0x1056
                                           ;   r0x1057
                                           ;; Starting pCode block
                                           _delay_ms	;Function start
                                           ; 2 exit points
                                           ;	.line	400; "user.h"	void delay_ms(u16 xms)
0006ba   5608     movra   0x8              	MOVRA	r0x1052
0006bb   5806     movar   0x6              	MOVAR	STK00
0006bc   5607     movra   0x7              	MOVRA	r0x1053
                                           _00108_DS_
                                           ;	.line	402; "user.h"	while (xms)
0006bd   5807     movar   0x7              	MOVAR	r0x1053
0006be   5c08     orar    0x8              	ORAR	r0x1052
0006bf   f587     jbclr   0x187, 0x2       	JBCLR	PFLAG,2
0006c0   a6d9     goto    0x6d9            	GOTO	_00111_DS_
                                           ;	.line	405; "user.h"	while (i--)
0006c1   3c3c     movai   0x3c             	MOVAI	0x3c
0006c2   5609     movra   0x9              	MOVRA	r0x1054
0006c3   3c02     movai   0x2              	MOVAI	0x02
0006c4   560a     movra   0xa              	MOVRA	r0x1055
                                           _00105_DS_
0006c5   5809     movar   0x9              	MOVAR	r0x1054
0006c6   560b     movra   0xb              	MOVRA	r0x1056
0006c7   580a     movar   0xa              	MOVAR	r0x1055
0006c8   560c     movra   0xc              	MOVRA	r0x1057
0006c9   3cff     movai   0xff             	MOVAI	0xff
0006ca   7e09     addra   0x9              	ADDRA	r0x1054
0006cb   e187     jbset   0x187, 0         	JBSET	PFLAG,0
0006cc   6e0a     decr    0xa              	DECR	r0x1055
0006cd   580b     movar   0xb              	MOVAR	r0x1056
0006ce   5c0c     orar    0xc              	ORAR	r0x1057
0006cf   f587     jbclr   0x187, 0x2       	JBCLR	PFLAG,2
0006d0   a6d3     goto    0x6d3            	GOTO	_00107_DS_
                                           ;	.line	407; "user.h"	Nop();
0006d1   0000     nop                      	nop	
0006d2   a6c5     goto    0x6c5            	GOTO	_00105_DS_
                                           _00107_DS_
                                           ;	.line	409; "user.h"	xms--; // 把 --操作放在while()判断条件外面，更节省空间
0006d3   3cff     movai   0xff             	MOVAI	0xff
0006d4   7e07     addra   0x7              	ADDRA	r0x1053
0006d5   e187     jbset   0x187, 0         	JBSET	PFLAG,0
0006d6   6e08     decr    0x8              	DECR	r0x1052
                                           ;	.line	413; "user.h"	__endasm;
                                           	;
0006d7   000e     clrwdt                   	clrwdt;
                                           	
0006d8   a6bd     goto    0x6bd            	GOTO	_00108_DS_
                                           _00111_DS_
                                           ;	.line	415; "user.h"	}
0006d9   000c     return                   	RETURN	
                                           ; exit point of _delay_ms
                                           
                                           
                                           ;	code size estimation:
                                           ;	 1731+    0 =  1731 instructions ( 3462 byte)
                                           
                                           	end
                                           ;--------------------------------------------------------
                                           ; File Created by SN-SDCC : SinoMCU ANSI-C Compiler
                                           ; Version 2.0.0 (Dec 11 2019) (MINGW32)
                                           ; This file was generated Thu Aug 13 16:45:38 2026
                                           ;--------------------------------------------------------
                                           ; MC32 port for the RISC core
                                           ;--------------------------------------------------------
                                           ;	.file	"MC32P7351.c"
                                           	list	p=7351
                                           	radix dec
                                           	include "7351.inc"
                                           ;--------------------------------------------------------
                                           ; external declarations
                                           ;--------------------------------------------------------
                                           	extern	__mullong
                                           	extern	__divulong
                                           	extern	_INDF0bits
                                           	extern	_INDF1bits
                                           	extern	_INDF2bits
                                           	extern	_HIBYTEbits
                                           	extern	_FSR0bits
                                           	extern	_FSR1bits
                                           	extern	_PCLbits
                                           	extern	_PFLAGbits
                                           	extern	_MCRbits
                                           	extern	_INDF3bits
                                           	extern	_INTEbits
                                           	extern	_INTFbits
                                           	extern	_DRVCRbits
                                           	extern	_PFRCCRbits
                                           	extern	_P1KBCRbits
                                           	extern	_PFRCCALbits
                                           	extern	_IOP0bits
                                           	extern	_OEP0bits
                                           	extern	_PUP0bits
                                           	extern	_PDP0bits
                                           	extern	_IOP1bits
                                           	extern	_OEP1bits
                                           	extern	_PUP1bits
                                           	extern	_PDP1bits
                                           	extern	_T0CRbits
                                           	extern	_T0CNTbits
                                           	extern	_T0LOADbits
                                           	extern	_T0DATAbits
                                           	extern	_T1CRbits
                                           	extern	_T1CNTbits
                                           	extern	_T1LOADbits
                                           	extern	_T1DATAbits
                                           	extern	_T2CRbits
                                           	extern	_T2CNTbits
                                           	extern	_T2LOADbits
                                           	extern	_T2DATAbits
                                           	extern	_T3CRbits
                                           	extern	_T3CNTbits
                                           	extern	_T3LOADbits
                                           	extern	_PWM0DRbits
                                           	extern	_PWM1DRbits
                                           	extern	_PWM2DRbits
                                           	extern	_PWMCR0bits
                                           	extern	_PWMCR1bits
                                           	extern	_OSCMRbits
                                           	extern	_LVDCRbits
                                           	extern	_ADCR0bits
                                           	extern	_ADCR1bits
                                           	extern	_ADCR2bits
                                           	extern	_OSADJCRbits
                                           	extern	_ADRHbits
                                           	extern	_ADRLbits
                                           	extern	_ADIOS0bits
                                           	extern	_ADIOS1bits
                                           	extern	_PMODbits
                                           	extern	_PWMCR3bits
                                           	extern	_PWMCR2bits
                                           	extern	_PFRCAUXbits
                                           	extern	_HIRCCALbits
                                           	extern	_INDF0
                                           	extern	_INDF1
                                           	extern	_INDF2
                                           	extern	_HIBYTE
                                           	extern	_FSR0
                                           	extern	_FSR1
                                           	extern	_PCL
                                           	extern	_PFLAG
                                           	extern	_MCR
                                           	extern	_INDF3
                                           	extern	_INTE
                                           	extern	_INTF
                                           	extern	_DRVCR
                                           	extern	_PFRCCR
                                           	extern	_P1KBCR
                                           	extern	_PFRCCAL
                                           	extern	_IOP0
                                           	extern	_OEP0
                                           	extern	_PUP0
                                           	extern	_PDP0
                                           	extern	_IOP1
                                           	extern	_OEP1
                                           	extern	_PUP1
                                           	extern	_PDP1
                                           	extern	_T0CR
                                           	extern	_T0CNT
                                           	extern	_T0LOAD
                                           	extern	_T0DATA
                                           	extern	_T1CR
                                           	extern	_T1CNT
                                           	extern	_T1LOAD
                                           	extern	_T1DATA
                                           	extern	_T2CR
                                           	extern	_T2CNT
                                           	extern	_T2LOAD
                                           	extern	_T2DATA
                                           	extern	_T3CR
                                           	extern	_T3CNT
                                           	extern	_T3LOAD
                                           	extern	_PWM0DR
                                           	extern	_PWM1DR
                                           	extern	_PWM2DR
                                           	extern	_PWMCR0
                                           	extern	_PWMCR1
                                           	extern	_OSCMR
                                           	extern	_LVDCR
                                           	extern	_ADCR0
                                           	extern	_ADCR1
                                           	extern	_ADCR2
                                           	extern	_OSADJCR
                                           	extern	_ADRH
                                           	extern	_ADRL
                                           	extern	_ADIOS0
                                           	extern	_ADIOS1
                                           	extern	_PMOD
                                           	extern	_PWMCR3
                                           	extern	_PWMCR2
                                           	extern	_PFRCAUX
                                           	extern	_HIRCCAL
                                           ;--------------------------------------------------------
                                           ; global declarations
                                           ;--------------------------------------------------------
                                           	global	_delay_ms
                                           	global	_CLR_RAM
                                           	global	_adc_config
                                           	global	_adc_sel_pin
                                           	global	_adc_get_val
                                           	global	_Sys_Init
                                           	global	_key_scan
                                           	global	_key_event_handle
                                           	global	_adc_scan_handle
                                           	global	_turn_dir_scan_handle
                                           	global	_shutdown_scan_handle
                                           	global	_low_power_scan_handle
                                           	global	_main
                                           	global	_int_isr
                                           	global	_key_event
                                           	global	_mode_flag
                                           	global	_key_press_flag
                                           	global	_i
                                           	global	_adc_val
                                           	global	_turn_dir_ms_cnt
                                           	global	_shut_down_ms_cnt
                                           	global	_adc_bat_val
                                           	global	_adc_charging_val
                                           	global	_max_pwm_val
                                           	global	_last_pwm_val
                                           	global	_tmp_val
                                           	global	_tmp_val_l
                                           	global	_tmp_val_cnt
                                           	global	_charge_time_cnt
                                           	global	_tmp_bat_val
                                           	global	_over_charging_cnt
                                           	global	_full_charge_cnt
                                           	global	_inflation_ctl_status
                                           	global	_abuf
                                           	global	_statusbuf
                                           	global	_flag1
                                           	global	_flag2
                                           	global	_flag3
                                           
                                           	global STK06
                                           	global STK05
                                           	global STK04
                                           	global STK03
                                           	global STK02
                                           	global STK01
                                           	global STK00
                                           
                                           sharebank udata_ovr 0x0000
                                           STK06	res 1
                                           STK05	res 1
                                           STK04	res 1
                                           STK03	res 1
                                           STK02	res 1
                                           STK01	res 1
                                           STK00	res 1
                                           
                                           ;--------------------------------------------------------
                                           ; global definitions
                                           ;--------------------------------------------------------
                                           UD_MC32P7351_0	udata
                                           _key_event	res	1
                                           
                                           UD_MC32P7351_1	udata
                                           _mode_flag	res	1
                                           
                                           UD_MC32P7351_2	udata
                                           _key_press_flag	res	1
                                           
                                           UD_MC32P7351_3	udata
                                           _i	res	1
                                           
                                           UD_MC32P7351_4	udata
                                           _adc_val	res	2
                                           
                                           UD_MC32P7351_5	udata
                                           _turn_dir_ms_cnt	res	4
                                           
                                           UD_MC32P7351_6	udata
                                           _shut_down_ms_cnt	res	4
                                           
                                           UD_MC32P7351_7	udata
                                           _adc_bat_val	res	4
                                           
                                           UD_MC32P7351_8	udata
                                           _adc_charging_val	res	2
                                           
                                           UD_MC32P7351_9	udata
                                           _max_pwm_val	res	4
                                           
                                           UD_MC32P7351_10	udata
                                           _last_pwm_val	res	2
                                           
                                           UD_MC32P7351_11	udata
                                           _tmp_val	res	2
                                           
                                           UD_MC32P7351_12	udata
                                           _tmp_val_l	res	16
                                           
                                           UD_MC32P7351_13	udata
                                           _tmp_val_cnt	res	1
                                           
                                           UD_MC32P7351_14	udata
                                           _charge_time_cnt	res	4
                                           
                                           UD_MC32P7351_15	udata
                                           _tmp_bat_val	res	2
                                           
                                           UD_MC32P7351_16	udata
                                           _over_charging_cnt	res	1
                                           
                                           UD_MC32P7351_17	udata
                                           _full_charge_cnt	res	1
                                           
                                           UD_MC32P7351_18	udata
                                           _inflation_ctl_status	res	1
                                           
                                           UD_MC32P7351_19	udata
                                           _abuf	res	1
                                           
                                           UD_MC32P7351_20	udata
                                           _statusbuf	res	1
                                           
                                           UD_MC32P7351_21	udata
                                           _flag1	res	1
                                           
                                           UD_MC32P7351_22	udata
                                           _flag2	res	1
                                           
                                           UD_MC32P7351_23	udata
                                           _flag3	res	1
                                           
                                           ;--------------------------------------------------------
                                           ; absolute symbol definitions
                                           ;--------------------------------------------------------
                                           ;--------------------------------------------------------
                                           ; compiler-defined variables
                                           ;--------------------------------------------------------
                                           UDL_MC32P7351_0	udata
                                           r0x1053	res	1
                                           r0x1052	res	1
                                           r0x1054	res	1
                                           r0x1055	res	1
                                           r0x1056	res	1
                                           r0x1057	res	1
                                           r0x1058	res	1
                                           r0x1059	res	1
                                           r0x105A	res	1
                                           r0x105B	res	1
                                           r0x105C	res	1
                                           r0x105E	res	1
                                           r0x105D	res	1
                                           r0x105F	res	1
                                           r0x1060	res	1
                                           r0x1061	res	1
                                           r0x1062	res	1
                                           r0x1064	res	1
                                           r0x1063	res	1
                                           r0x1065	res	1
                                           r0x1066	res	1
                                           r0x1067	res	1
                                           r0x1068	res	1
                                           r0x1069	res	1
                                           r0x106A	res	1
                                           r0x106B	res	1
                                           r0x106C	res	1
                                           _key_scan_cur_key_id_65536_31	res	1
                                           _key_scan_filter_cnt_65536_31	res	1
                                           _key_scan_filter_key_id_65536_31	res	1
                                           _key_scan_press_cnt_65536_31	res	1
                                           _key_scan_flag_is_key_mode_hold_65536_31	res	1
                                           _key_scan_last_key_id_65536_31	res	1
                                           _adc_scan_handle_cnt_65536_93	res	1
                                           _adc_scan_handle_need_charge_cnt_65536_93	res	1
                                           _int_isr___1ms_cnt_196608_221	res	1
                                           _int_isr_key_scan_cnt_327680_223	res	1
                                           _int_isr_low_bat_cnt_327680_226	res	2
                                           _int_isr_shut_down_bat_cnt_327680_230	res	2
                                           _int_isr_update_current_time_cnt_327680_234	res	2
                                           _int_isr_cnt_327680_238	res	2
                                           _int_isr_cnt_327680_240	res	2
                                           _led_state	res	1
                                           _pwm_counter	res	2
                                           _breath_counter	res	1
                                           _pwm_duty	res	1
                                           _breath_direction	res	1
                                           ;--------------------------------------------------------
                                           ; initialized data
                                           ;--------------------------------------------------------
                                           
                                           ;@Allocation info for local variables in function 'delay_ms'
                                           ;@delay_ms delay_ms                  Allocated to registers ;size:2
                                           ;@delay_ms INDF0bits                 Allocated to registers ;size:1
                                           ;@delay_ms INDF1bits                 Allocated to registers ;size:1
                                           ;@delay_ms INDF2bits                 Allocated to registers ;size:1
                                           ;@delay_ms HIBYTEbits                Allocated to registers ;size:1
                                           ;@delay_ms FSR0bits                  Allocated to registers ;size:1
                                           ;@delay_ms FSR1bits                  Allocated to registers ;size:1
                                           ;@delay_ms PCLbits                   Allocated to registers ;size:1
                                           ;@delay_ms PFLAGbits                 Allocated to registers ;size:1
                                           ;@delay_ms MCRbits                   Allocated to registers ;size:1
                                           ;@delay_ms INDF3bits                 Allocated to registers ;size:1
                                           ;@delay_ms INTEbits                  Allocated to registers ;size:1
                                           ;@delay_ms INTFbits                  Allocated to registers ;size:1
                                           ;@delay_ms DRVCRbits                 Allocated to registers ;size:1
                                           ;@delay_ms PFRCCRbits                Allocated to registers ;size:1
                                           ;@delay_ms P1KBCRbits                Allocated to registers ;size:1
                                           ;@delay_ms PFRCCALbits               Allocated to registers ;size:1
                                           ;@delay_ms IOP0bits                  Allocated to registers ;size:1
                                           ;@delay_ms OEP0bits                  Allocated to registers ;size:1
                                           ;@delay_ms PUP0bits                  Allocated to registers ;size:1
                                           ;@delay_ms PDP0bits                  Allocated to registers ;size:1
                                           ;@delay_ms IOP1bits                  Allocated to registers ;size:1
                                           ;@delay_ms OEP1bits                  Allocated to registers ;size:1
                                           ;@delay_ms PUP1bits                  Allocated to registers ;size:1
                                           ;@delay_ms PDP1bits                  Allocated to registers ;size:1
                                           ;@delay_ms T0CRbits                  Allocated to registers ;size:1
                                           ;@delay_ms T0CNTbits                 Allocated to registers ;size:1
                                           ;@delay_ms T0LOADbits                Allocated to registers ;size:1
                                           ;@delay_ms T0DATAbits                Allocated to registers ;size:1
                                           ;@delay_ms T1CRbits                  Allocated to registers ;size:1
                                           ;@delay_ms T1CNTbits                 Allocated to registers ;size:1
                                           ;@delay_ms T1LOADbits                Allocated to registers ;size:1
                                           ;@delay_ms T1DATAbits                Allocated to registers ;size:1
                                           ;@delay_ms T2CRbits                  Allocated to registers ;size:1
                                           ;@delay_ms T2CNTbits                 Allocated to registers ;size:1
                                           ;@delay_ms T2LOADbits                Allocated to registers ;size:1
                                           ;@delay_ms T2DATAbits                Allocated to registers ;size:1
                                           ;@delay_ms T3CRbits                  Allocated to registers ;size:1
                                           ;@delay_ms T3CNTbits                 Allocated to registers ;size:1
                                           ;@delay_ms T3LOADbits                Allocated to registers ;size:1
                                           ;@delay_ms PWM0DRbits                Allocated to registers ;size:1
                                           ;@delay_ms PWM1DRbits                Allocated to registers ;size:1
                                           ;@delay_ms PWM2DRbits                Allocated to registers ;size:1
                                           ;@delay_ms PWMCR0bits                Allocated to registers ;size:1
                                           ;@delay_ms PWMCR1bits                Allocated to registers ;size:1
                                           ;@delay_ms OSCMRbits                 Allocated to registers ;size:1
                                           ;@delay_ms LVDCRbits                 Allocated to registers ;size:1
                                           ;@delay_ms ADCR0bits                 Allocated to registers ;size:1
                                           ;@delay_ms ADCR1bits                 Allocated to registers ;size:1
                                           ;@delay_ms ADCR2bits                 Allocated to registers ;size:1
                                           ;@delay_ms OSADJCRbits               Allocated to registers ;size:1
                                           ;@delay_ms ADRHbits                  Allocated to registers ;size:1
                                           ;@delay_ms ADRLbits                  Allocated to registers ;size:1
                                           ;@delay_ms ADIOS0bits                Allocated to registers ;size:1
                                           ;@delay_ms ADIOS1bits                Allocated to registers ;size:1
                                           ;@delay_ms PMODbits                  Allocated to registers ;size:1
                                           ;@delay_ms PWMCR3bits                Allocated to registers ;size:1
                                           ;@delay_ms PWMCR2bits                Allocated to registers ;size:1
                                           ;@delay_ms PFRCAUXbits               Allocated to registers ;size:1
                                           ;@delay_ms HIRCCALbits               Allocated to registers ;size:1
                                           ;@delay_ms key_event                 Allocated to registers ;size:1
                                           ;@delay_ms mode_flag                 Allocated to registers ;size:1
                                           ;@delay_ms key_press_flag            Allocated to registers ;size:1
                                           ;@delay_ms i                         Allocated to registers ;size:1
                                           ;@delay_ms adc_val                   Allocated to registers ;size:2
                                           ;@delay_ms turn_dir_ms_cnt           Allocated to registers ;size:4
                                           ;@delay_ms shut_down_ms_cnt          Allocated to registers ;size:4
                                           ;@delay_ms adc_bat_val               Allocated to registers ;size:4
                                           ;@delay_ms adc_charging_val          Allocated to registers ;size:2
                                           ;@delay_ms max_pwm_val               Allocated to registers ;size:4
                                           ;@delay_ms last_pwm_val              Allocated to registers ;size:2
                                           ;@delay_ms tmp_val                   Allocated to registers ;size:2
                                           ;@delay_ms tmp_val_l                 Allocated to registers ;size:16
                                           ;@delay_ms tmp_val_cnt               Allocated to registers ;size:1
                                           ;@delay_ms charge_time_cnt           Allocated to registers ;size:4
                                           ;@delay_ms tmp_bat_val               Allocated to registers ;size:2
                                           ;@delay_ms over_charging_cnt         Allocated to registers ;size:1
                                           ;@delay_ms full_charge_cnt           Allocated to registers ;size:1
                                           ;@delay_ms inflation_ctl_status      Allocated to registers ;size:1
                                           ;@delay_ms pwm_duty                  Allocated to registers ;size:1
                                           ;@delay_ms pwm_counter               Allocated to registers ;size:2
                                           ;@delay_ms breath_counter            Allocated to registers ;size:1
                                           ;@delay_ms breath_direction          Allocated to registers ;size:1
                                           ;@delay_ms led_state                 Allocated to registers ;size:1
                                           ;@delay_ms abuf                      Allocated to registers ;size:1
                                           ;@delay_ms statusbuf                 Allocated to registers ;size:1
                                           ;@delay_ms flag1                     Allocated to registers ;size:1
                                           ;@delay_ms flag2                     Allocated to registers ;size:1
                                           ;@delay_ms flag3                     Allocated to registers ;size:1
                                           ;@delay_ms xms                       Allocated to registers ;size:2
                                           ;@delay_ms i                         Allocated to registers r0x1054 r0x1055 ;size:2
                                           ;@delay_ms INDF0                     Allocated to registers ;size:1
                                           ;@delay_ms INDF1                     Allocated to registers ;size:1
                                           ;@delay_ms INDF2                     Allocated to registers ;size:1
                                           ;@delay_ms HIBYTE                    Allocated to registers ;size:1
                                           ;@delay_ms FSR0                      Allocated to registers ;size:1
                                           ;@delay_ms FSR1                      Allocated to registers ;size:1
                                           ;@delay_ms PCL                       Allocated to registers ;size:1
                                           ;@delay_ms PFLAG                     Allocated to registers ;size:1
                                           ;@delay_ms MCR                       Allocated to registers ;size:1
                                           ;@delay_ms INDF3                     Allocated to registers ;size:1
                                           ;@delay_ms INTE                      Allocated to registers ;size:1
                                           ;@delay_ms INTF                      Allocated to registers ;size:1
                                           ;@delay_ms DRVCR                     Allocated to registers ;size:1
                                           ;@delay_ms PFRCCR                    Allocated to registers ;size:1
                                           ;@delay_ms P1KBCR                    Allocated to registers ;size:1
                                           ;@delay_ms PFRCCAL                   Allocated to registers ;size:1
                                           ;@delay_ms IOP0                      Allocated to registers ;size:1
                                           ;@delay_ms OEP0                      Allocated to registers ;size:1
                                           ;@delay_ms PUP0                      Allocated to registers ;size:1
                                           ;@delay_ms PDP0                      Allocated to registers ;size:1
                                           ;@delay_ms IOP1                      Allocated to registers ;size:1
                                           ;@delay_ms OEP1                      Allocated to registers ;size:1
                                           ;@delay_ms PUP1                      Allocated to registers ;size:1
                                           ;@delay_ms PDP1                      Allocated to registers ;size:1
                                           ;@delay_ms T0CR                      Allocated to registers ;size:1
                                           ;@delay_ms T0CNT                     Allocated to registers ;size:1
                                           ;@delay_ms T0LOAD                    Allocated to registers ;size:1
                                           ;@delay_ms T0DATA                    Allocated to registers ;size:1
                                           ;@delay_ms T1CR                      Allocated to registers ;size:1
                                           ;@delay_ms T1CNT                     Allocated to registers ;size:1
                                           ;@delay_ms T1LOAD                    Allocated to registers ;size:1
                                           ;@delay_ms T1DATA                    Allocated to registers ;size:1
                                           ;@delay_ms T2CR                      Allocated to registers ;size:1
                                           ;@delay_ms T2CNT                     Allocated to registers ;size:1
                                           ;@delay_ms T2LOAD                    Allocated to registers ;size:1
                                           ;@delay_ms T2DATA                    Allocated to registers ;size:1
                                           ;@delay_ms T3CR                      Allocated to registers ;size:1
                                           ;@delay_ms T3CNT                     Allocated to registers ;size:1
                                           ;@delay_ms T3LOAD                    Allocated to registers ;size:1
                                           ;@delay_ms PWM0DR                    Allocated to registers ;size:1
                                           ;@delay_ms PWM1DR                    Allocated to registers ;size:1
                                           ;@delay_ms PWM2DR                    Allocated to registers ;size:1
                                           ;@delay_ms PWMCR0                    Allocated to registers ;size:1
                                           ;@delay_ms PWMCR1                    Allocated to registers ;size:1
                                           ;@delay_ms OSCMR                     Allocated to registers ;size:1
                                           ;@delay_ms LVDCR                     Allocated to registers ;size:1
                                           ;@delay_ms ADCR0                     Allocated to registers ;size:1
                                           ;@delay_ms ADCR1                     Allocated to registers ;size:1
                                           ;@delay_ms ADCR2                     Allocated to registers ;size:1
                                           ;@delay_ms OSADJCR                   Allocated to registers ;size:1
                                           ;@delay_ms ADRH                      Allocated to registers ;size:1
                                           ;@delay_ms ADRL                      Allocated to registers ;size:1
                                           ;@delay_ms ADIOS0                    Allocated to registers ;size:1
                                           ;@delay_ms ADIOS1                    Allocated to registers ;size:1
                                           ;@delay_ms PMOD                      Allocated to registers ;size:1
                                           ;@delay_ms PWMCR3                    Allocated to registers ;size:1
                                           ;@delay_ms PWMCR2                    Allocated to registers ;size:1
                                           ;@delay_ms PFRCAUX                   Allocated to registers ;size:1
                                           ;@delay_ms HIRCCAL                   Allocated to registers ;size:1
                                           ;@end Allocation info for local variables in function 'delay_ms';
                                           ;@Allocation info for local variables in function 'CLR_RAM'
                                           ;@end Allocation info for local variables in function 'CLR_RAM';
                                           ;@Allocation info for local variables in function 'adc_config'
                                           ;@end Allocation info for local variables in function 'adc_config';
                                           ;@Allocation info for local variables in function 'adc_sel_pin'
                                           ;@adc_sel_pin adc_pin                   Allocated to registers r0x1058 ;size:1
                                           ;@end Allocation info for local variables in function 'adc_sel_pin';
                                           ;@Allocation info for local variables in function 'adc_get_val'
                                           ;@adc_get_val i                         Allocated to registers r0x105A ;size:1
                                           ;@adc_get_val g_temp_value              Allocated to registers r0x105B r0x105C ;size:2
                                           ;@adc_get_val g_tmpbuff                 Allocated to registers r0x1056 r0x1057 r0x105D r0x105F ;size:4
                                           ;@adc_get_val g_adcmax                  Allocated to registers r0x1056 r0x1057 ;size:2
                                           ;@adc_get_val g_adcmin                  Allocated to registers r0x1058 r0x1059 ;size:2
                                           ;@end Allocation info for local variables in function 'adc_get_val';
                                           ;@Allocation info for local variables in function 'Sys_Init'
                                           ;@end Allocation info for local variables in function 'Sys_Init';
                                           ;@Allocation info for local variables in function 'key_scan'
                                           ;@key_scan last_key_id               Allocated to registers ;size:1
                                           ;@key_scan press_cnt                 Allocated to registers ;size:1
                                           ;@key_scan filter_cnt                Allocated to registers ;size:1
                                           ;@key_scan filter_key_id             Allocated to registers ;size:1
                                           ;@key_scan cur_key_id                Allocated to registers ;size:1
                                           ;@key_scan flag_is_key_mode_hold     Allocated to registers ;size:1
                                           ;@end Allocation info for local variables in function 'key_scan';
                                           ;@Allocation info for local variables in function 'key_scan'
                                           ;@key_scan last_key_id               Allocated to registers ;size:1
                                           ;@key_scan press_cnt                 Allocated to registers ;size:1
                                           ;@key_scan filter_cnt                Allocated to registers ;size:1
                                           ;@key_scan filter_key_id             Allocated to registers ;size:1
                                           ;@key_scan cur_key_id                Allocated to registers ;size:1
                                           ;@key_scan flag_is_key_mode_hold     Allocated to registers ;size:1
                                           ;@end Allocation info for local variables in function 'key_scan';
                                           ;@Allocation info for local variables in function 'key_event_handle'
                                           ;@end Allocation info for local variables in function 'key_event_handle';
                                           ;@Allocation info for local variables in function 'adc_scan_handle'
                                           ;@adc_scan_handle cnt                       Allocated to registers ;size:1
                                           ;@adc_scan_handle need_charge_cnt           Allocated to registers ;size:1
                                           ;@end Allocation info for local variables in function 'adc_scan_handle';
                                           ;@Allocation info for local variables in function 'turn_dir_scan_handle'
                                           ;@end Allocation info for local variables in function 'turn_dir_scan_handle';
                                           ;@Allocation info for local variables in function 'shutdown_scan_handle'
                                           ;@end Allocation info for local variables in function 'shutdown_scan_handle';
                                           ;@Allocation info for local variables in function 'low_power_scan_handle'
                                           ;@end Allocation info for local variables in function 'low_power_scan_handle';
                                           ;@Allocation info for local variables in function 'main'
                                           ;@main i                         Allocated to registers r0x1061 ;size:1
                                           ;@main i                         Allocated to registers r0x1061 r0x1062 ;size:2
                                           ;@end Allocation info for local variables in function 'main';
                                           ;@Allocation info for local variables in function 'int_isr'
                                           ;@int_isr __1ms_cnt                 Allocated to registers ;size:1
                                           ;@int_isr key_scan_cnt              Allocated to registers ;size:1
                                           ;@int_isr low_bat_cnt               Allocated to registers ;size:2
                                           ;@int_isr shut_down_bat_cnt         Allocated to registers ;size:2
                                           ;@int_isr update_current_time_cnt   Allocated to registers ;size:2
                                           ;@int_isr cnt                       Allocated to registers ;size:2
                                           ;@int_isr cnt                       Allocated to registers ;size:2
                                           ;@end Allocation info for local variables in function 'int_isr';
                                           ;@Allocation info for local variables in function 'int_isr'
                                           ;@int_isr __1ms_cnt                 Allocated to registers ;size:1
                                           ;@int_isr key_scan_cnt              Allocated to registers ;size:1
                                           ;@int_isr low_bat_cnt               Allocated to registers ;size:2
                                           ;@int_isr shut_down_bat_cnt         Allocated to registers ;size:2
                                           ;@int_isr update_current_time_cnt   Allocated to registers ;size:2
                                           ;@int_isr cnt                       Allocated to registers ;size:2
                                           ;@int_isr cnt                       Allocated to registers ;size:2
                                           ;@end Allocation info for local variables in function 'int_isr';
                                           
                                           ;--------------------------------------------------------
                                           ; overlayable items in internal ram 
                                           ;--------------------------------------------------------
                                           ;	udata_ovr
                                           ;--------------------------------------------------------
                                           ; reset vector 
                                           ;--------------------------------------------------------
                                           STARTUP	code 0x0000
                                           	goto	_main
                                           ;--------------------------------------------------------
                                           ; interrupt and initialization code
                                           ;--------------------------------------------------------
                                           c_interrupt	code	0x8
                                           __sdcc_interrupt
                                           ;***
                                           ;  pBlock Stats: dbName = I
                                           ;***
                                           ;entry:  _int_isr	;Function start
                                           ; 0 exit points
                                           ;functions called:
                                           ;   _key_scan
                                           ;   _key_scan
                                           ;2 compiler assigned registers:
                                           ;   r0x106B
                                           ;   r0x106C
                                           ;; Starting pCode block
                                           _int_isr	;Function start
                                           ; 0 exit points
                                           ;	.line	1239; "MC32P7351.c"	__endasm;
                                           	;
                                           	movra	_abuf;
                                           	swapar	_PFLAG;
                                           	movra	_statusbuf;
                                           	
                                           ;	.line	1246; "MC32P7351.c"	if (T3IF & T3IE)
                                           	CLRR	r0x106B
                                           	JBCLR	_INTFbits,7
                                           	INCR	r0x106B
                                           	CLRR	r0x106C
                                           	JBCLR	_INTEbits,7
                                           	INCR	r0x106C
                                           	MOVAR	r0x106C
                                           	ANDRA	r0x106B
                                           	MOVAI	0x00
                                           	ORAR	r0x106B
                                           	JBCLR	PFLAG,2
                                           	GOTO	_01018_DS_
                                           ;	.line	1250; "MC32P7351.c"	__1ms_cnt++;
                                           	INCR	_int_isr___1ms_cnt_196608_221
                                           ;;unsigned compare: left < lit(0xA=10), size=1
                                           ;	.line	1251; "MC32P7351.c"	if (__1ms_cnt >= 10)
                                           	MOVAI	0x0a
                                           	RSUBAR	_int_isr___1ms_cnt_196608_221
                                           	JBSET	PFLAG,0
                                           	GOTO	_00994_DS_
                                           ;;genSkipc:3291: created from rifx:013B5EFC
                                           ;	.line	1253; "MC32P7351.c"	__1ms_cnt = 0;
                                           	CLRR	_int_isr___1ms_cnt_196608_221
                                           ;	.line	1257; "MC32P7351.c"	key_scan_cnt++;
                                           	INCR	_int_isr_key_scan_cnt_327680_223
                                           ;;unsigned compare: left < lit(0xA=10), size=1
                                           ;	.line	1258; "MC32P7351.c"	if (key_scan_cnt >= 10)
                                           	MOVAI	0x0a
                                           	RSUBAR	_int_isr_key_scan_cnt_327680_223
                                           	JBSET	PFLAG,0
                                           	GOTO	_00965_DS_
                                           ;;genSkipc:3291: created from rifx:013B5EFC
                                           ;	.line	1260; "MC32P7351.c"	key_scan_cnt = 0;
                                           	CLRR	_int_isr_key_scan_cnt_327680_223
                                           ;	.line	1261; "MC32P7351.c"	key_scan();
                                           	CALL	_key_scan
                                           _00965_DS_
                                           ;	.line	1265; "MC32P7351.c"	if (FLAG_IS_DEVICE_OPEN)
                                           	JBSET	_flag1,0
                                           	GOTO	_00967_DS_
                                           ;	.line	1267; "MC32P7351.c"	turn_dir_ms_cnt++;  // 会在 turn_dir_scan_handle() 内处理并清零
                                           	INCR	_turn_dir_ms_cnt
                                           	JBCLR	PFLAG,2
                                           	INCR	(_turn_dir_ms_cnt + 1)
                                           	JBCLR	PFLAG,2
                                           	INCR	(_turn_dir_ms_cnt + 2)
                                           	JBCLR	PFLAG,2
                                           	INCR	(_turn_dir_ms_cnt + 3)
                                           ;	.line	1268; "MC32P7351.c"	shut_down_ms_cnt++; // 会在 shutdown_scan_handle() 内处理并清零
                                           	INCR	_shut_down_ms_cnt
                                           	JBCLR	PFLAG,2
                                           	INCR	(_shut_down_ms_cnt + 1)
                                           	JBCLR	PFLAG,2
                                           	INCR	(_shut_down_ms_cnt + 2)
                                           	JBCLR	PFLAG,2
                                           	INCR	(_shut_down_ms_cnt + 3)
                                           _00967_DS_
                                           ;	.line	1275; "MC32P7351.c"	if (flag_maybe_low_battery)
                                           	JBSET	_flag3,2
                                           	GOTO	_00971_DS_
                                           ;	.line	1277; "MC32P7351.c"	low_bat_cnt++;
                                           	INCR	_int_isr_low_bat_cnt_327680_226
                                           	JBCLR	PFLAG,2
                                           	INCR	(_int_isr_low_bat_cnt_327680_226 + 1)
                                           ;;unsigned compare: left < lit(0x1388=5000), size=2
                                           ;	.line	1279; "MC32P7351.c"	if (low_bat_cnt >= 5000) // xx ms
                                           	MOVAI	0x13
                                           	RSUBAR	(_int_isr_low_bat_cnt_327680_226 + 1)
                                           	JBSET	PFLAG,2
                                           	GOTO	_01115_DS_
                                           	MOVAI	0x88
                                           	RSUBAR	_int_isr_low_bat_cnt_327680_226
                                           _01115_DS_
                                           	JBSET	PFLAG,0
                                           	GOTO	_00972_DS_
                                           ;;genSkipc:3291: created from rifx:013B5EFC
                                           ;	.line	1281; "MC32P7351.c"	low_bat_cnt = 0;
                                           	CLRR	_int_isr_low_bat_cnt_327680_226
                                           	CLRR	(_int_isr_low_bat_cnt_327680_226 + 1)
                                           ;	.line	1282; "MC32P7351.c"	flag_is_low_battery = 1;
                                           	BSET	_flag2,2
                                           	GOTO	_00972_DS_
                                           _00971_DS_
                                           ;	.line	1287; "MC32P7351.c"	low_bat_cnt = 0;
                                           	CLRR	_int_isr_low_bat_cnt_327680_226
                                           	CLRR	(_int_isr_low_bat_cnt_327680_226 + 1)
                                           _00972_DS_
                                           ;	.line	1293; "MC32P7351.c"	if (flag_tim_scan_maybe_shut_down)
                                           	JBSET	_flag3,3
                                           	GOTO	_00976_DS_
                                           ;	.line	1295; "MC32P7351.c"	shut_down_bat_cnt++;
                                           	INCR	_int_isr_shut_down_bat_cnt_327680_230
                                           	JBCLR	PFLAG,2
                                           	INCR	(_int_isr_shut_down_bat_cnt_327680_230 + 1)
                                           ;;unsigned compare: left < lit(0x3E8=1000), size=2
                                           ;	.line	1296; "MC32P7351.c"	if (shut_down_bat_cnt >= 1000) // xx ms
                                           	MOVAI	0x03
                                           	RSUBAR	(_int_isr_shut_down_bat_cnt_327680_230 + 1)
                                           	JBSET	PFLAG,2
                                           	GOTO	_01116_DS_
                                           	MOVAI	0xe8
                                           	RSUBAR	_int_isr_shut_down_bat_cnt_327680_230
                                           _01116_DS_
                                           	JBSET	PFLAG,0
                                           	GOTO	_00977_DS_
                                           ;;genSkipc:3291: created from rifx:013B5EFC
                                           ;	.line	1298; "MC32P7351.c"	shut_down_bat_cnt = 0;
                                           	CLRR	_int_isr_shut_down_bat_cnt_327680_230
                                           	CLRR	(_int_isr_shut_down_bat_cnt_327680_230 + 1)
                                           ;	.line	1299; "MC32P7351.c"	flag_is_needed_shut_down = 1;
                                           	BSET	_flag3,4
                                           	GOTO	_00977_DS_
                                           _00976_DS_
                                           ;	.line	1304; "MC32P7351.c"	shut_down_bat_cnt = 0;
                                           	CLRR	_int_isr_shut_down_bat_cnt_327680_230
                                           	CLRR	(_int_isr_shut_down_bat_cnt_327680_230 + 1)
                                           _00977_DS_
                                           ;	.line	1311; "MC32P7351.c"	if (FLAG_IS_IN_CHARGING)
                                           	JBSET	_flag1,2
                                           	GOTO	_00981_DS_
                                           ;	.line	1313; "MC32P7351.c"	update_current_time_cnt++;
                                           	INCR	_int_isr_update_current_time_cnt_327680_234
                                           	JBCLR	PFLAG,2
                                           	INCR	(_int_isr_update_current_time_cnt_327680_234 + 1)
                                           ;;unsigned compare: left < lit(0x1F4=500), size=2
                                           ;	.line	1314; "MC32P7351.c"	if (update_current_time_cnt >= 500)
                                           	MOVAI	0x01
                                           	RSUBAR	(_int_isr_update_current_time_cnt_327680_234 + 1)
                                           	JBSET	PFLAG,2
                                           	GOTO	_01117_DS_
                                           	MOVAI	0xf4
                                           	RSUBAR	_int_isr_update_current_time_cnt_327680_234
                                           _01117_DS_
                                           	JBSET	PFLAG,0
                                           	GOTO	_00979_DS_
                                           ;;genSkipc:3291: created from rifx:013B5EFC
                                           ;	.line	1316; "MC32P7351.c"	update_current_time_cnt = 0;
                                           	CLRR	_int_isr_update_current_time_cnt_327680_234
                                           	CLRR	(_int_isr_update_current_time_cnt_327680_234 + 1)
                                           ;	.line	1317; "MC32P7351.c"	flag_is_update_current = 1;
                                           	BSET	_flag3,5
                                           _00979_DS_
                                           ;	.line	1320; "MC32P7351.c"	charge_time_cnt++;
                                           	INCR	_charge_time_cnt
                                           	JBCLR	PFLAG,2
                                           	INCR	(_charge_time_cnt + 1)
                                           	JBCLR	PFLAG,2
                                           	INCR	(_charge_time_cnt + 2)
                                           	JBCLR	PFLAG,2
                                           	INCR	(_charge_time_cnt + 3)
                                           	GOTO	_00982_DS_
                                           _00981_DS_
                                           ;	.line	1324; "MC32P7351.c"	charge_time_cnt = 0;
                                           	CLRR	_charge_time_cnt
                                           	CLRR	(_charge_time_cnt + 1)
                                           	CLRR	(_charge_time_cnt + 2)
                                           	CLRR	(_charge_time_cnt + 3)
                                           _00982_DS_
                                           ;	.line	1335; "MC32P7351.c"	cnt++;
                                           	INCR	_int_isr_cnt_327680_238
                                           	JBCLR	PFLAG,2
                                           	INCR	(_int_isr_cnt_327680_238 + 1)
                                           ;;swapping arguments (AOP_TYPEs 1/3)
                                           ;;unsigned compare: left >= lit(0x1F5=501), size=2
                                           ;	.line	1336; "MC32P7351.c"	if (cnt > 500)
                                           	MOVAI	0x01
                                           	RSUBAR	(_int_isr_cnt_327680_238 + 1)
                                           	JBSET	PFLAG,2
                                           	GOTO	_01118_DS_
                                           	MOVAI	0xf5
                                           	RSUBAR	_int_isr_cnt_327680_238
                                           _01118_DS_
                                           	JBSET	PFLAG,0
                                           	GOTO	_00984_DS_
                                           ;;genSkipc:3291: created from rifx:013B5EFC
                                           ;	.line	1338; "MC32P7351.c"	cnt = 0;
                                           	CLRR	_int_isr_cnt_327680_238
                                           	CLRR	(_int_isr_cnt_327680_238 + 1)
                                           ;	.line	1339; "MC32P7351.c"	flag_is_adjust_pwm_time_comes = 1;
                                           	BSET	_flag3,6
                                           _00984_DS_
                                           ;	.line	1345; "MC32P7351.c"	cnt++;
                                           	INCR	_int_isr_cnt_327680_240
                                           	JBCLR	PFLAG,2
                                           	INCR	(_int_isr_cnt_327680_240 + 1)
                                           ;	.line	1346; "MC32P7351.c"	switch (inflation_ctl_status)
                                           	MOVAR	_inflation_ctl_status
                                           	MOVRA	r0x106B
                                           ;;swapping arguments (AOP_TYPEs 1/2)
                                           ;;unsigned compare: left >= lit(0x3=3), size=1
                                           	MOVAI	0x03
                                           	RSUBAR	r0x106B
                                           	JBCLR	PFLAG,0
                                           	GOTO	_00988_DS_
                                           ;;genSkipc:3291: created from rifx:013B5EFC
                                           	MOVAR	r0x106B
                                           	ADDRA	PCL
                                           	GOTO	_00985_DS_
                                           	GOTO	_00986_DS_
                                           	GOTO	_00987_DS_
                                           _00985_DS_
                                           ;	.line	1350; "MC32P7351.c"	cnt = 0;
                                           	CLRR	_int_isr_cnt_327680_240
                                           	CLRR	(_int_isr_cnt_327680_240 + 1)
                                           ;	.line	1351; "MC32P7351.c"	INFLATION_CTL_OFF();
                                           	BCLR	_IOP0bits,3
                                           ;	.line	1352; "MC32P7351.c"	DEFLATION_CTL_OFF();
                                           	BCLR	_IOP1bits,3
                                           ;	.line	1354; "MC32P7351.c"	break;
                                           	GOTO	_00988_DS_
                                           _00986_DS_
                                           ;	.line	1359; "MC32P7351.c"	cnt = 0;
                                           	CLRR	_int_isr_cnt_327680_240
                                           	CLRR	(_int_isr_cnt_327680_240 + 1)
                                           ;	.line	1360; "MC32P7351.c"	DEFLATION_CTL_OFF();
                                           	BCLR	_IOP1bits,3
                                           ;	.line	1361; "MC32P7351.c"	INFLATION_CTL_ON();
                                           	BSET	_IOP0bits,3
                                           ;	.line	1362; "MC32P7351.c"	inflation_ctl_status = INFLATION_CTL_STATUS_INFLATION_HANDLING;
                                           	MOVAI	0x03
                                           	MOVRA	_inflation_ctl_status
                                           ;	.line	1364; "MC32P7351.c"	break;
                                           	GOTO	_00988_DS_
                                           _00987_DS_
                                           ;	.line	1369; "MC32P7351.c"	cnt = 0;
                                           	CLRR	_int_isr_cnt_327680_240
                                           	CLRR	(_int_isr_cnt_327680_240 + 1)
                                           ;	.line	1370; "MC32P7351.c"	INFLATION_CTL_OFF();
                                           	BCLR	_IOP0bits,3
                                           ;	.line	1371; "MC32P7351.c"	DEFLATION_CTL_ON();
                                           	BSET	_IOP1bits,3
                                           ;	.line	1372; "MC32P7351.c"	inflation_ctl_status = INFLATION_CTL_STATUS_DEFLATION_HANDLING;
                                           	MOVAI	0x04
                                           	MOVRA	_inflation_ctl_status
                                           _00988_DS_
                                           ;	.line	1378; "MC32P7351.c"	if (INFLATION_CTL_STATUS_INFLATION_HANDLING == inflation_ctl_status &&
                                           	MOVAR	_inflation_ctl_status
                                           	XORAI	0x03
                                           	JBSET	PFLAG,2
                                           	GOTO	_00992_DS_
                                           ;;unsigned compare: left < lit(0x2EE0=12000), size=2
                                           ;	.line	1379; "MC32P7351.c"	(cnt >= ((u16)12 * 1000)) ||
                                           	MOVAI	0x2e
                                           	RSUBAR	(_int_isr_cnt_327680_240 + 1)
                                           	JBSET	PFLAG,2
                                           	GOTO	_01121_DS_
                                           	MOVAI	0xe0
                                           	RSUBAR	_int_isr_cnt_327680_240
                                           _01121_DS_
                                           	JBCLR	PFLAG,0
                                           	GOTO	_00989_DS_
                                           ;;genSkipc:3291: created from rifx:013B5EFC
                                           ;;unsigned compare: left < lit(0x3A98=15000), size=2
                                           _00992_DS_
                                           ;	.line	1380; "MC32P7351.c"	(cnt >= (u16)15000))
                                           	MOVAI	0x3a
                                           	RSUBAR	(_int_isr_cnt_327680_240 + 1)
                                           	JBSET	PFLAG,2
                                           	GOTO	_01122_DS_
                                           	MOVAI	0x98
                                           	RSUBAR	_int_isr_cnt_327680_240
                                           _01122_DS_
                                           	JBSET	PFLAG,0
                                           	GOTO	_00994_DS_
                                           ;;genSkipc:3291: created from rifx:013B5EFC
                                           _00989_DS_
                                           ;	.line	1383; "MC32P7351.c"	inflation_ctl_status = INFLATION_CTL_STATUS_NONE;
                                           	CLRR	_inflation_ctl_status
                                           _00994_DS_
                                           ;	.line	1390; "MC32P7351.c"	if (FLAG_IS_IN_CHARGING && 0 == FLAG_BAT_IS_FULL && 0 == flag_is_led_breath_disable)
                                           	JBSET	_flag1,2
                                           	GOTO	_01014_DS_
                                           	JBCLR	_flag1,5
                                           	GOTO	_01014_DS_
                                           	JBCLR	_flag1,7
                                           	GOTO	_01014_DS_
                                           ;	.line	1393; "MC32P7351.c"	if (pwm_counter < pwm_duty)
                                           	MOVAR	_pwm_duty
                                           	MOVRA	r0x106B
                                           	CLRR	r0x106C
                                           	MOVAI	0x00
                                           	RSUBAR	(_pwm_counter + 1)
                                           	JBSET	PFLAG,2
                                           	GOTO	_01123_DS_
                                           	MOVAR	r0x106B
                                           	RSUBAR	_pwm_counter
                                           _01123_DS_
                                           	JBCLR	PFLAG,0
                                           	GOTO	_00996_DS_
                                           ;;genSkipc:3291: created from rifx:013B5EFC
                                           ;	.line	1395; "MC32P7351.c"	led_state = 1; // LED亮
                                           	MOVAI	0x01
                                           	MOVRA	_led_state
                                           	GOTO	_00997_DS_
                                           _00996_DS_
                                           ;	.line	1399; "MC32P7351.c"	led_state = 0; // LED灭
                                           	CLRR	_led_state
                                           _00997_DS_
                                           ;	.line	1403; "MC32P7351.c"	pwm_counter++;
                                           	INCR	_pwm_counter
                                           	JBCLR	PFLAG,2
                                           	INCR	(_pwm_counter + 1)
                                           ;;unsigned compare: left < lit(0x64=100), size=2
                                           ;	.line	1404; "MC32P7351.c"	if (pwm_counter >= PWM_MAX_LEVEL)
                                           	MOVAI	0x00
                                           	RSUBAR	(_pwm_counter + 1)
                                           	JBSET	PFLAG,2
                                           	GOTO	_01124_DS_
                                           	MOVAI	0x64
                                           	RSUBAR	_pwm_counter
                                           _01124_DS_
                                           	JBSET	PFLAG,0
                                           	GOTO	_00999_DS_
                                           ;;genSkipc:3291: created from rifx:013B5EFC
                                           ;	.line	1406; "MC32P7351.c"	pwm_counter = 0;
                                           	CLRR	_pwm_counter
                                           	CLRR	(_pwm_counter + 1)
                                           _00999_DS_
                                           ;	.line	1410; "MC32P7351.c"	breath_counter++;
                                           	INCR	_breath_counter
                                           ;;unsigned compare: left < lit(0xC8=200), size=1
                                           ;	.line	1411; "MC32P7351.c"	if (breath_counter >= BREATH_PERIOD)
                                           	MOVAI	0xc8
                                           	RSUBAR	_breath_counter
                                           	JBSET	PFLAG,0
                                           	GOTO	_01009_DS_
                                           ;;genSkipc:3291: created from rifx:013B5EFC
                                           ;	.line	1413; "MC32P7351.c"	breath_counter = 0;
                                           	CLRR	_breath_counter
                                           ;	.line	1416; "MC32P7351.c"	if (breath_direction == 0)
                                           	MOVAI	0x00
                                           	ORAR	_breath_direction
                                           	JBSET	PFLAG,2
                                           	GOTO	_01006_DS_
                                           ;	.line	1419; "MC32P7351.c"	pwm_duty++;
                                           	INCR	_pwm_duty
                                           ;;unsigned compare: left < lit(0x64=100), size=1
                                           ;	.line	1420; "MC32P7351.c"	if (pwm_duty >= PWM_MAX_LEVEL)
                                           	MOVAI	0x64
                                           	RSUBAR	_pwm_duty
                                           	JBSET	PFLAG,0
                                           	GOTO	_01009_DS_
                                           ;;genSkipc:3291: created from rifx:013B5EFC
                                           ;	.line	1422; "MC32P7351.c"	pwm_duty = PWM_MAX_LEVEL;
                                           	MOVAI	0x64
                                           	MOVRA	_pwm_duty
                                           ;	.line	1423; "MC32P7351.c"	breath_direction = 1; // 切换到渐暗
                                           	MOVAI	0x01
                                           	MOVRA	_breath_direction
                                           	GOTO	_01009_DS_
                                           _01006_DS_
                                           ;	.line	1429; "MC32P7351.c"	if (pwm_duty > 0)
                                           	MOVAI	0x00
                                           	ORAR	_pwm_duty
                                           	JBCLR	PFLAG,2
                                           	GOTO	_01003_DS_
                                           ;	.line	1431; "MC32P7351.c"	pwm_duty--;
                                           	DECR	_pwm_duty
                                           	GOTO	_01009_DS_
                                           _01003_DS_
                                           ;	.line	1435; "MC32P7351.c"	pwm_duty = 0;
                                           	CLRR	_pwm_duty
                                           ;	.line	1436; "MC32P7351.c"	breath_direction = 0; // 切换到渐亮
                                           	CLRR	_breath_direction
                                           _01009_DS_
                                           ;	.line	1443; "MC32P7351.c"	if (led_state)
                                           	MOVAI	0x00
                                           	ORAR	_led_state
                                           	JBCLR	PFLAG,2
                                           	GOTO	_01011_DS_
                                           ;	.line	1445; "MC32P7351.c"	LED_CHARGING_PIN = LED_ON;
                                           	BCLR	_IOP0bits,4
                                           	GOTO	_01014_DS_
                                           _01011_DS_
                                           ;	.line	1449; "MC32P7351.c"	LED_CHARGING_PIN = LED_OFF;
                                           	BSET	_IOP0bits,4
                                           _01014_DS_
                                           ;	.line	1453; "MC32P7351.c"	T3IF = 0;
                                           	BCLR	_INTFbits,7
                                           _01018_DS_
                                           ;	.line	1461; "MC32P7351.c"	__endasm;
                                           	;
                                           	swapar	_statusbuf;
                                           	movra	_PFLAG;
                                           	swapr	_abuf;
                                           	swapar	_abuf;
                                           	
                                           END_OF_INTERRUPT
                                           ;	.line	1462; "MC32P7351.c"	}
                                           	RETIE	
                                           
                                           ;--------------------------------------------------------
                                           ; code
                                           ;--------------------------------------------------------
                                           code_MC32P7351	code
                                           ;***
                                           ;  pBlock Stats: dbName = M
                                           ;***
                                           ;entry:  _main	;Function start
                                           ; 2 exit points
                                           ;has an exit
                                           ;functions called:
                                           ;   _Sys_Init
                                           ;   _adc_sel_pin
                                           ;   _adc_get_val
                                           ;   _delay_ms
                                           ;   _delay_ms
                                           ;   _key_event_handle
                                           ;   _adc_scan_handle
                                           ;   _turn_dir_scan_handle
                                           ;   _shutdown_scan_handle
                                           ;   __mullong
                                           ;   __divulong
                                           ;   __mullong
                                           ;   __mullong
                                           ;   __divulong
                                           ;   __divulong
                                           ;   _key_event_handle
                                           ;   _delay_ms
                                           ;   _key_event_handle
                                           ;   _delay_ms
                                           ;   _low_power_scan_handle
                                           ;   _Sys_Init
                                           ;   _adc_sel_pin
                                           ;   _adc_get_val
                                           ;   _delay_ms
                                           ;   _delay_ms
                                           ;   _key_event_handle
                                           ;   _adc_scan_handle
                                           ;   _turn_dir_scan_handle
                                           ;   _shutdown_scan_handle
                                           ;   __mullong
                                           ;   __divulong
                                           ;   __mullong
                                           ;   __mullong
                                           ;   __divulong
                                           ;   __divulong
                                           ;   _key_event_handle
                                           ;   _delay_ms
                                           ;   _key_event_handle
                                           ;   _delay_ms
                                           ;   _low_power_scan_handle
                                           ;17 compiler assigned registers:
                                           ;   STK00
                                           ;   r0x1061
                                           ;   r0x1062
                                           ;   STK06
                                           ;   STK05
                                           ;   STK04
                                           ;   STK03
                                           ;   STK02
                                           ;   STK01
                                           ;   r0x1063
                                           ;   r0x1064
                                           ;   r0x1065
                                           ;   r0x1066
                                           ;   r0x1067
                                           ;   r0x1068
                                           ;   r0x1069
                                           ;   r0x106A
                                           ;; Starting pCode block
                                           _main	;Function start
                                           ; 2 exit points
                                           ;	.line	958; "MC32P7351.c"	Sys_Init();
                                           	CALL	_Sys_Init
                                           ;	.line	965; "MC32P7351.c"	PWM2EC = 1; // 打开控制升压电路的pwm
                                           	BSET	_T2CRbits,6
                                           ;	.line	966; "MC32P7351.c"	T2DATA = 100;
                                           	MOVAI	0x64
                                           	MOVRA	_T2DATA
                                           ;	.line	967; "MC32P7351.c"	adc_sel_pin(ADC_PIN_P02_AN1); // 切换到检测电池降压后的电压的检测引脚
                                           	MOVAI	0x02
                                           	CALL	_adc_sel_pin
                                           ;	.line	968; "MC32P7351.c"	for (i = 0; i < 10; i++)      // 每55ms进入一次，循环内每次间隔约4.8ms
                                           	CLRR	_i
                                           ;;unsigned compare: left < lit(0xA=10), size=1
                                           _00818_DS_
                                           	MOVAI	0x0a
                                           	RSUBAR	_i
                                           	JBCLR	PFLAG,0
                                           	GOTO	_00766_DS_
                                           ;;genSkipc:3291: created from rifx:013B5EFC
                                           ;	.line	970; "MC32P7351.c"	adc_val = adc_get_val();
                                           	CALL	_adc_get_val
                                           	MOVRA	(_adc_val + 1)
                                           	MOVAR	STK00
                                           	MOVRA	_adc_val
                                           ;;unsigned compare: left < lit(0xF52=3922), size=2
                                           ;	.line	971; "MC32P7351.c"	if (adc_val >= ADCDETECT_BAT_FULL + ADCDETECT_BAT_NULL_EX)
                                           	MOVAI	0x0f
                                           	RSUBAR	(_adc_val + 1)
                                           	JBSET	PFLAG,2
                                           	GOTO	_00946_DS_
                                           	MOVAI	0x52
                                           	RSUBAR	_adc_val
                                           _00946_DS_
                                           	JBSET	PFLAG,0
                                           	GOTO	_00819_DS_
                                           ;;genSkipc:3291: created from rifx:013B5EFC
                                           ;	.line	973; "MC32P7351.c"	flag_bat_is_empty = 1;
                                           	BSET	_flag3,7
                                           _00819_DS_
                                           ;	.line	968; "MC32P7351.c"	for (i = 0; i < 10; i++)      // 每55ms进入一次，循环内每次间隔约4.8ms
                                           	INCR	_i
                                           	GOTO	_00818_DS_
                                           _00766_DS_
                                           ;	.line	976; "MC32P7351.c"	PWM2EC = 0; // 关闭控制升压电路的pwm
                                           	BCLR	_T2CRbits,6
                                           ;	.line	977; "MC32P7351.c"	T2DATA = 0;
                                           	CLRR	_T2DATA
                                           _00815_DS_
                                           ;	.line	986; "MC32P7351.c"	if (flag_bat_is_empty)
                                           	JBSET	_flag3,7
                                           	GOTO	_00768_DS_
                                           ;	.line	989; "MC32P7351.c"	LED_CHARGING_PIN = LED_ON;
                                           	BCLR	_IOP0bits,4
                                           ;	.line	990; "MC32P7351.c"	delay_ms(500);
                                           	MOVAI	0xf4
                                           	MOVRA	STK00
                                           	MOVAI	0x01
                                           	CALL	_delay_ms
                                           ;	.line	991; "MC32P7351.c"	LED_CHARGING_PIN = LED_OFF;
                                           	BSET	_IOP0bits,4
                                           ;	.line	992; "MC32P7351.c"	delay_ms(500);
                                           	MOVAI	0xf4
                                           	MOVRA	STK00
                                           	MOVAI	0x01
                                           	CALL	_delay_ms
                                           ;	.line	993; "MC32P7351.c"	continue;
                                           	GOTO	_00815_DS_
                                           _00768_DS_
                                           ;	.line	997; "MC32P7351.c"	key_event_handle(); // 按键事件处理函数，扫描在中断服务函数内执行
                                           	CALL	_key_event_handle
                                           ;	.line	998; "MC32P7351.c"	adc_scan_handle();  // 充电扫描和处理函数(约占用89ms)
                                           	CALL	_adc_scan_handle
                                           ;	.line	1000; "MC32P7351.c"	turn_dir_scan_handle();
                                           	CALL	_turn_dir_scan_handle
                                           ;	.line	1001; "MC32P7351.c"	shutdown_scan_handle(); // 自动关机检测和处理函数
                                           	CALL	_shutdown_scan_handle
                                           ;	.line	1005; "MC32P7351.c"	if (FLAG_IS_IN_CHARGING)
                                           	JBSET	_flag1,2
                                           	GOTO	_00800_DS_
                                           ;	.line	1007; "MC32P7351.c"	last_pwm_val = T2DATA;      // 读出上一次PWM占空比对应的值
                                           	MOVAR	_T2DATA
                                           	MOVRA	_last_pwm_val
                                           	CLRR	(_last_pwm_val + 1)
                                           ;	.line	1008; "MC32P7351.c"	max_pwm_val = (T2LOAD + 1); // 读出PWM占空比设定的、最大的值
                                           	MOVAR	_T2LOAD
                                           	MOVRA	r0x1061
                                           	CLRR	r0x1062
                                           	MOVAI	0x01
                                           	ADDAR	r0x1061
                                           	MOVRA	_max_pwm_val
                                           	CLRR	(_max_pwm_val + 1)
                                           	RLR	(_max_pwm_val + 1)
                                           	MOVAI	0x00
                                           	ADDRA	(_max_pwm_val + 1)
                                           	CLRR	(_max_pwm_val + 2)
                                           	CLRR	(_max_pwm_val + 3)
                                           ;	.line	1030; "MC32P7351.c"	tmp_bat_val = adc_bat_val;
                                           	MOVAR	_adc_bat_val
                                           	MOVRA	_tmp_bat_val
                                           	MOVAR	(_adc_bat_val + 1)
                                           	MOVRA	(_tmp_bat_val + 1)
                                           ;;swapping arguments (AOP_TYPEs 1/3)
                                           ;;unsigned compare: left >= lit(0xB16=2838), size=4
                                           ;	.line	1031; "MC32P7351.c"	if (adc_bat_val <= 2837) // 如果检测电池电压小于 6.5V
                                           	MOVAI	0x00
                                           	RSUBAR	(_adc_bat_val + 3)
                                           	JBSET	PFLAG,2
                                           	GOTO	_00947_DS_
                                           	MOVAI	0x00
                                           	RSUBAR	(_adc_bat_val + 2)
                                           	JBSET	PFLAG,2
                                           	GOTO	_00947_DS_
                                           	MOVAI	0x0b
                                           	RSUBAR	(_adc_bat_val + 1)
                                           	JBSET	PFLAG,2
                                           	GOTO	_00947_DS_
                                           	MOVAI	0x16
                                           	RSUBAR	_adc_bat_val
                                           _00947_DS_
                                           	JBCLR	PFLAG,0
                                           	GOTO	_00779_DS_
                                           ;;genSkipc:3291: created from rifx:013B5EFC
                                           ;	.line	1033; "MC32P7351.c"	tmp_bat_val += 310;
                                           	MOVAI	0x36
                                           	ADDRA	_tmp_bat_val
                                           	JBCLR	PFLAG,0
                                           	INCR	(_tmp_bat_val + 1)
                                           	INCR	(_tmp_bat_val + 1)
                                           	GOTO	_00846_DS_
                                           ;;swapping arguments (AOP_TYPEs 1/3)
                                           ;;unsigned compare: left >= lit(0xBF1=3057), size=4
                                           _00779_DS_
                                           ;	.line	1035; "MC32P7351.c"	else if (adc_bat_val <= 3056) // 如果检测电池电压小于 7.0V
                                           	MOVAI	0x00
                                           	RSUBAR	(_adc_bat_val + 3)
                                           	JBSET	PFLAG,2
                                           	GOTO	_00948_DS_
                                           	MOVAI	0x00
                                           	RSUBAR	(_adc_bat_val + 2)
                                           	JBSET	PFLAG,2
                                           	GOTO	_00948_DS_
                                           	MOVAI	0x0b
                                           	RSUBAR	(_adc_bat_val + 1)
                                           	JBSET	PFLAG,2
                                           	GOTO	_00948_DS_
                                           	MOVAI	0xf1
                                           	RSUBAR	_adc_bat_val
                                           _00948_DS_
                                           	JBCLR	PFLAG,0
                                           	GOTO	_00776_DS_
                                           ;;genSkipc:3291: created from rifx:013B5EFC
                                           ;	.line	1037; "MC32P7351.c"	tmp_bat_val += 290;
                                           	MOVAI	0x22
                                           	ADDRA	_tmp_bat_val
                                           	JBCLR	PFLAG,0
                                           	INCR	(_tmp_bat_val + 1)
                                           	INCR	(_tmp_bat_val + 1)
                                           	GOTO	_00846_DS_
                                           ;;swapping arguments (AOP_TYPEs 1/3)
                                           ;;unsigned compare: left >= lit(0xC75=3189), size=4
                                           _00776_DS_
                                           ;	.line	1039; "MC32P7351.c"	else if (adc_bat_val <= 3188) // 如果检测电池电压小于 7.3V
                                           	MOVAI	0x00
                                           	RSUBAR	(_adc_bat_val + 3)
                                           	JBSET	PFLAG,2
                                           	GOTO	_00949_DS_
                                           	MOVAI	0x00
                                           	RSUBAR	(_adc_bat_val + 2)
                                           	JBSET	PFLAG,2
                                           	GOTO	_00949_DS_
                                           	MOVAI	0x0c
                                           	RSUBAR	(_adc_bat_val + 1)
                                           	JBSET	PFLAG,2
                                           	GOTO	_00949_DS_
                                           	MOVAI	0x75
                                           	RSUBAR	_adc_bat_val
                                           _00949_DS_
                                           	JBCLR	PFLAG,0
                                           	GOTO	_00773_DS_
                                           ;;genSkipc:3291: created from rifx:013B5EFC
                                           ;	.line	1041; "MC32P7351.c"	tmp_bat_val += 250; //
                                           	MOVAI	0xfa
                                           	ADDRA	_tmp_bat_val
                                           	JBCLR	PFLAG,0
                                           	INCR	(_tmp_bat_val + 1)
                                           	GOTO	_00846_DS_
                                           ;;swapping arguments (AOP_TYPEs 1/3)
                                           ;;unsigned compare: left >= lit(0xCFF=3327), size=4
                                           _00773_DS_
                                           ;	.line	1043; "MC32P7351.c"	else if (adc_bat_val <= 3326) // 如果检测电池电压小于 7.62V
                                           	MOVAI	0x00
                                           	RSUBAR	(_adc_bat_val + 3)
                                           	JBSET	PFLAG,2
                                           	GOTO	_00950_DS_
                                           	MOVAI	0x00
                                           	RSUBAR	(_adc_bat_val + 2)
                                           	JBSET	PFLAG,2
                                           	GOTO	_00950_DS_
                                           	MOVAI	0x0c
                                           	RSUBAR	(_adc_bat_val + 1)
                                           	JBSET	PFLAG,2
                                           	GOTO	_00950_DS_
                                           	MOVAI	0xff
                                           	RSUBAR	_adc_bat_val
                                           _00950_DS_
                                           	JBCLR	PFLAG,0
                                           	GOTO	_00770_DS_
                                           ;;genSkipc:3291: created from rifx:013B5EFC
                                           ;	.line	1045; "MC32P7351.c"	tmp_bat_val += 200;
                                           	MOVAI	0xc8
                                           	ADDRA	_tmp_bat_val
                                           	JBCLR	PFLAG,0
                                           	INCR	(_tmp_bat_val + 1)
                                           	GOTO	_00846_DS_
                                           _00770_DS_
                                           ;	.line	1049; "MC32P7351.c"	tmp_bat_val -= ((u32)adc_bat_val * 157 / 1000 - 522);
                                           	MOVAR	_adc_bat_val
                                           	MOVRA	STK06
                                           	MOVAR	(_adc_bat_val + 1)
                                           	MOVRA	STK05
                                           	MOVAR	(_adc_bat_val + 2)
                                           	MOVRA	STK04
                                           	MOVAR	(_adc_bat_val + 3)
                                           	MOVRA	STK03
                                           	MOVAI	0x9d
                                           	MOVRA	STK02
                                           	MOVAI	0x00
                                           	MOVRA	STK01
                                           	MOVAI	0x00
                                           	MOVRA	STK00
                                           	MOVAI	0x00
                                           	CALL	__mullong
                                           	MOVRA	r0x1063
                                           	MOVAR	STK00
                                           	MOVRA	r0x1064
                                           	MOVAR	STK01
                                           	MOVRA	r0x1062
                                           	MOVAR	STK02
                                           	MOVRA	r0x1061
                                           	MOVAI	0xe8
                                           	MOVRA	STK06
                                           	MOVAI	0x03
                                           	MOVRA	STK05
                                           	MOVAI	0x00
                                           	MOVRA	STK04
                                           	MOVAI	0x00
                                           	MOVRA	STK03
                                           	MOVAR	r0x1061
                                           	MOVRA	STK02
                                           	MOVAR	r0x1062
                                           	MOVRA	STK01
                                           	MOVAR	r0x1064
                                           	MOVRA	STK00
                                           	MOVAR	r0x1063
                                           	CALL	__divulong
                                           	MOVRA	r0x1063
                                           	MOVAR	STK00
                                           	MOVRA	r0x1064
                                           	MOVAR	STK01
                                           	MOVRA	r0x1066
                                           	MOVRA	r0x1062
                                           	MOVAR	STK02
                                           	MOVRA	r0x1065
                                           	MOVRA	r0x1061
                                           ;;118	MOVAR	r0x1061
                                           ;;119	MOVAR	r0x1062
                                           	MOVAI	0xf6
                                           	ADDAR	r0x1065
                                           	MOVRA	r0x1061
                                           	MOVAI	0xfd
                                           	MOVRA	r0x1062
                                           	MOVAR	r0x1066
                                           	JBCLR	PFLAG,0
                                           	JZAR	r0x1066
                                           	ADDRA	r0x1062
                                           	MOVAR	r0x1061
                                           	RSUBRA	_tmp_bat_val
                                           	MOVAR	r0x1062
                                           	JBSET	PFLAG,0
                                           	JZAR	r0x1062
                                           	RSUBRA	(_tmp_bat_val + 1)
                                           _00846_DS_
                                           ;	.line	1054; "MC32P7351.c"	for (i = 0; i < 50; i++)
                                           	CLRR	r0x1061
                                           ;;swapping arguments (AOP_TYPEs 1/3)
                                           ;;unsigned compare: left >= lit(0x3=3), size=2
                                           _00820_DS_
                                           ;	.line	1056; "MC32P7351.c"	if (tmp_bat_val > 2)
                                           	MOVAI	0x00
                                           	RSUBAR	(_tmp_bat_val + 1)
                                           	JBSET	PFLAG,2
                                           	GOTO	_00951_DS_
                                           	MOVAI	0x03
                                           	RSUBAR	_tmp_bat_val
                                           _00951_DS_
                                           	JBSET	PFLAG,0
                                           	GOTO	_00821_DS_
                                           ;;genSkipc:3291: created from rifx:013B5EFC
                                           ;	.line	1058; "MC32P7351.c"	tmp_bat_val--;
                                           	MOVAI	0xff
                                           	ADDRA	_tmp_bat_val
                                           	JBSET	PFLAG,0
                                           	DECR	(_tmp_bat_val + 1)
                                           _00821_DS_
                                           ;	.line	1054; "MC32P7351.c"	for (i = 0; i < 50; i++)
                                           	INCR	r0x1061
                                           ;;unsigned compare: left < lit(0x32=50), size=1
                                           	MOVAI	0x32
                                           	RSUBAR	r0x1061
                                           	JBSET	PFLAG,0
                                           	GOTO	_00820_DS_
                                           ;;genSkipc:3291: created from rifx:013B5EFC
                                           ;;unsigned compare: left < lit(0xE27=3623), size=4
                                           ;	.line	1064; "MC32P7351.c"	if (adc_bat_val >= 3623) // 8.30V及以上 , 降低电流
                                           	MOVAI	0x00
                                           	RSUBAR	(_adc_bat_val + 3)
                                           	JBSET	PFLAG,2
                                           	GOTO	_00953_DS_
                                           	MOVAI	0x00
                                           	RSUBAR	(_adc_bat_val + 2)
                                           	JBSET	PFLAG,2
                                           	GOTO	_00953_DS_
                                           	MOVAI	0x0e
                                           	RSUBAR	(_adc_bat_val + 1)
                                           	JBSET	PFLAG,2
                                           	GOTO	_00953_DS_
                                           	MOVAI	0x27
                                           	RSUBAR	_adc_bat_val
                                           _00953_DS_
                                           	JBSET	PFLAG,0
                                           	GOTO	_00788_DS_
                                           ;;genSkipc:3291: created from rifx:013B5EFC
                                           ;	.line	1067; "MC32P7351.c"	for (i = 0; i < 260; i++) //
                                           	CLRR	r0x1061
                                           	CLRR	r0x1062
                                           ;;swapping arguments (AOP_TYPEs 1/3)
                                           ;;unsigned compare: left >= lit(0x3=3), size=2
                                           _00822_DS_
                                           ;	.line	1069; "MC32P7351.c"	if (tmp_bat_val > 2)
                                           	MOVAI	0x00
                                           	RSUBAR	(_tmp_bat_val + 1)
                                           	JBSET	PFLAG,2
                                           	GOTO	_00954_DS_
                                           	MOVAI	0x03
                                           	RSUBAR	_tmp_bat_val
                                           _00954_DS_
                                           	JBSET	PFLAG,0
                                           	GOTO	_00823_DS_
                                           ;;genSkipc:3291: created from rifx:013B5EFC
                                           ;	.line	1071; "MC32P7351.c"	tmp_bat_val--;
                                           	MOVAI	0xff
                                           	ADDRA	_tmp_bat_val
                                           	JBSET	PFLAG,0
                                           	DECR	(_tmp_bat_val + 1)
                                           _00823_DS_
                                           ;	.line	1067; "MC32P7351.c"	for (i = 0; i < 260; i++) //
                                           	INCR	r0x1061
                                           	JBCLR	PFLAG,2
                                           	INCR	r0x1062
                                           ;;unsigned compare: left < lit(0x104=260), size=2
                                           	MOVAI	0x01
                                           	RSUBAR	r0x1062
                                           	JBSET	PFLAG,2
                                           	GOTO	_00955_DS_
                                           	MOVAI	0x04
                                           	RSUBAR	r0x1061
                                           _00955_DS_
                                           	JBSET	PFLAG,0
                                           	GOTO	_00822_DS_
                                           ;;genSkipc:3291: created from rifx:013B5EFC
                                           _00788_DS_
                                           ;	.line	1105; "MC32P7351.c"	tmp_val = max_pwm_val - (adc_charging_val * max_pwm_val * 94 / 147) / tmp_bat_val;
                                           	MOVAR	_adc_charging_val
                                           	MOVRA	r0x1061
                                           	MOVAR	(_adc_charging_val + 1)
                                           	MOVRA	r0x1062
                                           	CLRR	r0x1065
                                           	CLRR	r0x1066
                                           	MOVAR	_max_pwm_val
                                           	MOVRA	STK06
                                           	MOVAR	(_max_pwm_val + 1)
                                           	MOVRA	STK05
                                           	MOVAR	(_max_pwm_val + 2)
                                           	MOVRA	STK04
                                           	MOVAR	(_max_pwm_val + 3)
                                           	MOVRA	STK03
                                           	MOVAR	r0x1061
                                           	MOVRA	STK02
                                           	MOVAR	r0x1062
                                           	MOVRA	STK01
                                           	MOVAI	0x00
                                           	MOVRA	STK00
                                           	MOVAI	0x00
                                           	CALL	__mullong
                                           	MOVRA	r0x1066
                                           	MOVAR	STK00
                                           	MOVRA	r0x1065
                                           	MOVAR	STK01
                                           	MOVRA	r0x1062
                                           	MOVAR	STK02
                                           	MOVRA	r0x1061
                                           	MOVAR	r0x1061
                                           	MOVRA	STK06
                                           	MOVAR	r0x1062
                                           	MOVRA	STK05
                                           	MOVAR	r0x1065
                                           	MOVRA	STK04
                                           	MOVAR	r0x1066
                                           	MOVRA	STK03
                                           	MOVAI	0x5e
                                           	MOVRA	STK02
                                           	MOVAI	0x00
                                           	MOVRA	STK01
                                           	MOVAI	0x00
                                           	MOVRA	STK00
                                           	MOVAI	0x00
                                           	CALL	__mullong
                                           	MOVRA	r0x1066
                                           	MOVAR	STK00
                                           	MOVRA	r0x1065
                                           	MOVAR	STK01
                                           	MOVRA	r0x1062
                                           	MOVAR	STK02
                                           	MOVRA	r0x1061
                                           	MOVAI	0x93
                                           	MOVRA	STK06
                                           	MOVAI	0x00
                                           	MOVRA	STK05
                                           	MOVAI	0x00
                                           	MOVRA	STK04
                                           	MOVAI	0x00
                                           	MOVRA	STK03
                                           	MOVAR	r0x1061
                                           	MOVRA	STK02
                                           	MOVAR	r0x1062
                                           	MOVRA	STK01
                                           	MOVAR	r0x1065
                                           	MOVRA	STK00
                                           	MOVAR	r0x1066
                                           	CALL	__divulong
                                           	MOVRA	r0x1066
                                           	MOVAR	STK00
                                           	MOVRA	r0x1065
                                           	MOVAR	STK01
                                           	MOVRA	r0x1062
                                           	MOVAR	STK02
                                           	MOVRA	r0x1061
                                           	MOVAR	_tmp_bat_val
                                           	MOVRA	r0x1067
                                           	MOVAR	(_tmp_bat_val + 1)
                                           	MOVRA	r0x1068
                                           	CLRR	r0x1069
                                           	CLRR	r0x106A
                                           	MOVAR	r0x1067
                                           	MOVRA	STK06
                                           	MOVAR	r0x1068
                                           	MOVRA	STK05
                                           	MOVAI	0x00
                                           	MOVRA	STK04
                                           	MOVAI	0x00
                                           	MOVRA	STK03
                                           	MOVAR	r0x1061
                                           	MOVRA	STK02
                                           	MOVAR	r0x1062
                                           	MOVRA	STK01
                                           	MOVAR	r0x1065
                                           	MOVRA	STK00
                                           	MOVAR	r0x1066
                                           	CALL	__divulong
                                           	MOVRA	r0x1066
                                           	MOVAR	STK00
                                           	MOVRA	r0x1065
                                           	MOVAR	STK01
                                           	MOVRA	r0x106A
                                           	MOVRA	r0x1062
                                           	MOVAR	STK02
                                           	MOVRA	r0x1069
                                           	MOVRA	r0x1061
                                           	MOVAR	_max_pwm_val
                                           	MOVRA	r0x1067
                                           	MOVAR	(_max_pwm_val + 1)
                                           	MOVRA	r0x1068
                                           ;;115	MOVAR	r0x1061
                                           ;;116	MOVAR	r0x1062
                                           	MOVAR	r0x1069
                                           	RSUBAR	r0x1067
                                           	MOVRA	_tmp_val
                                           	MOVAR	r0x106A
                                           	JBSET	PFLAG,0
                                           	INCAR	r0x106A
                                           	RSUBAR	r0x1068
                                           	MOVRA	(_tmp_val + 1)
                                           ;	.line	1110; "MC32P7351.c"	if (tmp_val >= max_pwm_val)
                                           	MOVAR	_tmp_val
                                           	MOVRA	r0x1061
                                           	MOVAR	(_tmp_val + 1)
                                           	MOVRA	r0x1062
                                           	CLRR	r0x1065
                                           	CLRR	r0x1066
                                           	MOVAR	(_max_pwm_val + 3)
                                           	RSUBAR	r0x1066
                                           	JBSET	PFLAG,2
                                           	GOTO	_00956_DS_
                                           	MOVAR	(_max_pwm_val + 2)
                                           	RSUBAR	r0x1065
                                           	JBSET	PFLAG,2
                                           	GOTO	_00956_DS_
                                           	MOVAR	(_max_pwm_val + 1)
                                           	RSUBAR	r0x1062
                                           	JBSET	PFLAG,2
                                           	GOTO	_00956_DS_
                                           	MOVAR	_max_pwm_val
                                           	RSUBAR	r0x1061
                                           _00956_DS_
                                           	JBSET	PFLAG,0
                                           	GOTO	_00790_DS_
                                           ;;genSkipc:3291: created from rifx:013B5EFC
                                           ;	.line	1113; "MC32P7351.c"	tmp_val = 0;
                                           	CLRR	_tmp_val
                                           	CLRR	(_tmp_val + 1)
                                           _00790_DS_
                                           ;	.line	1117; "MC32P7351.c"	tmp_val_cnt++;
                                           	INCR	_tmp_val_cnt
                                           ;	.line	1118; "MC32P7351.c"	tmp_val_cnt &= 0x07;
                                           	MOVAI	0x07
                                           	ANDRA	_tmp_val_cnt
                                           ;	.line	1119; "MC32P7351.c"	tmp_val_l[tmp_val_cnt] = (tmp_val_l[tmp_val_cnt] + tmp_val) >> 1;
                                           	BCLR	PFLAG,0
                                           	RLAR	_tmp_val_cnt
                                           	MOVRA	r0x1061
                                           	MOVAR	r0x1061
                                           	ADDAI	(_tmp_val_l + 0)
                                           	MOVRA	r0x1061
                                           	MOVAI	high (_tmp_val_l + 0)
                                           	JBCLR	PFLAG,0
                                           	ADDAI	0x01
                                           	MOVRA	r0x1062
                                           	BCLR	PFLAG,0
                                           	RLAR	_tmp_val_cnt
                                           	MOVRA	r0x1065
                                           	MOVAR	r0x1065
                                           	ADDAI	(_tmp_val_l + 0)
                                           	MOVRA	r0x1065
                                           	MOVAI	high (_tmp_val_l + 0)
                                           	JBCLR	PFLAG,0
                                           	ADDAI	0x01
                                           	MOVRA	r0x1066
                                           	MOVAR	r0x1065
                                           	MOVRA	FSR0
                                           	MOVAR	r0x1066
                                           	MOVRA	FSR1
                                           	MOVAR	INDF2
                                           	MOVRA	r0x1067
                                           	INCR	FSR0
                                           	JBCLR	PFLAG,2
                                           	INCR	FSR1
                                           	MOVAR	INDF2
                                           	MOVRA	r0x1066
                                           	MOVRA	r0x1068
                                           	MOVAR	_tmp_val
                                           	ADDAR	r0x1067
                                           	MOVRA	r0x1065
                                           ;;117	MOVAR	r0x1068
                                           	MOVAR	(_tmp_val + 1)
                                           	JBCLR	PFLAG,0
                                           	JZAR	(_tmp_val + 1)
                                           	ADDRA	r0x1066
                                           ;;shiftRight_Left2ResultLit:5339: shCount=1, size=2, sign=0, same=0, offr=0
                                           	BCLR	PFLAG,0
                                           	RRAR	r0x1066
                                           	MOVRA	r0x1068
                                           	RRAR	r0x1065
                                           	MOVRA	r0x1067
                                           	MOVAR	r0x1061
                                           	MOVRA	FSR0
                                           	MOVAR	r0x1062
                                           	MOVRA	FSR1
                                           	MOVAR	r0x1067
                                           	MOVRA	INDF2
                                           	INCR	FSR0
                                           	JBCLR	PFLAG,2
                                           	INCR	FSR1
                                           	MOVAR	r0x1068
                                           	MOVRA	INDF2
                                           ;	.line	1120; "MC32P7351.c"	tmp_val = 0;
                                           	CLRR	_tmp_val
                                           	CLRR	(_tmp_val + 1)
                                           ;	.line	1121; "MC32P7351.c"	for (i = 0; i < 8; i++)
                                           	CLRR	_i
                                           ;;unsigned compare: left < lit(0x8=8), size=1
                                           _00825_DS_
                                           	MOVAI	0x08
                                           	RSUBAR	_i
                                           	JBCLR	PFLAG,0
                                           	GOTO	_00791_DS_
                                           ;;genSkipc:3291: created from rifx:013B5EFC
                                           ;	.line	1123; "MC32P7351.c"	tmp_val += tmp_val_l[i];
                                           	BCLR	PFLAG,0
                                           	RLAR	_i
                                           	MOVRA	r0x1061
                                           	MOVAR	r0x1061
                                           	ADDAI	(_tmp_val_l + 0)
                                           	MOVRA	r0x1061
                                           	MOVAI	high (_tmp_val_l + 0)
                                           	JBCLR	PFLAG,0
                                           	ADDAI	0x01
                                           	MOVRA	r0x1062
                                           	MOVAR	r0x1061
                                           	MOVRA	FSR0
                                           	MOVAR	r0x1062
                                           	MOVRA	FSR1
                                           	MOVAR	INDF2
                                           	MOVRA	r0x1065
                                           	INCR	FSR0
                                           	JBCLR	PFLAG,2
                                           	INCR	FSR1
                                           	MOVAR	INDF2
                                           	MOVRA	r0x1066
                                           	MOVAR	r0x1065
                                           	ADDRA	_tmp_val
                                           	MOVAR	r0x1066
                                           	JBCLR	PFLAG,0
                                           	JZAR	r0x1066
                                           	ADDRA	(_tmp_val + 1)
                                           ;	.line	1121; "MC32P7351.c"	for (i = 0; i < 8; i++)
                                           	INCR	_i
                                           	GOTO	_00825_DS_
                                           ;;shiftRight_Left2ResultLit:5339: shCount=1, size=2, sign=0, same=1, offr=0
                                           _00791_DS_
                                           ;	.line	1125; "MC32P7351.c"	tmp_val >>= 3;
                                           	BCLR	PFLAG,0
                                           	RRR	(_tmp_val + 1)
                                           	RRR	_tmp_val
                                           ;;shiftRight_Left2ResultLit:5339: shCount=1, size=2, sign=0, same=1, offr=0
                                           	BCLR	PFLAG,0
                                           	RRR	(_tmp_val + 1)
                                           	RRR	_tmp_val
                                           ;;shiftRight_Left2ResultLit:5339: shCount=1, size=2, sign=0, same=1, offr=0
                                           	BCLR	PFLAG,0
                                           	RRR	(_tmp_val + 1)
                                           	RRR	_tmp_val
                                           ;	.line	1163; "MC32P7351.c"	if (flag_is_adjust_pwm_time_comes)
                                           	JBSET	_flag3,6
                                           	GOTO	_00798_DS_
                                           ;	.line	1165; "MC32P7351.c"	flag_is_adjust_pwm_time_comes = 0;
                                           	BCLR	_flag3,6
                                           ;	.line	1167; "MC32P7351.c"	if (tmp_val > last_pwm_val)
                                           	MOVAR	(_tmp_val + 1)
                                           	RSUBAR	(_last_pwm_val + 1)
                                           	JBSET	PFLAG,2
                                           	GOTO	_00958_DS_
                                           	MOVAR	_tmp_val
                                           	RSUBAR	_last_pwm_val
                                           _00958_DS_
                                           	JBCLR	PFLAG,0
                                           	GOTO	_00795_DS_
                                           ;;genSkipc:3291: created from rifx:013B5EFC
                                           ;	.line	1172; "MC32P7351.c"	last_pwm_val++;
                                           	INCR	_last_pwm_val
                                           	JBCLR	PFLAG,2
                                           	INCR	(_last_pwm_val + 1)
                                           	GOTO	_00798_DS_
                                           _00795_DS_
                                           ;	.line	1176; "MC32P7351.c"	else if (tmp_val < last_pwm_val)
                                           	MOVAR	(_last_pwm_val + 1)
                                           	RSUBAR	(_tmp_val + 1)
                                           	JBSET	PFLAG,2
                                           	GOTO	_00959_DS_
                                           	MOVAR	_last_pwm_val
                                           	RSUBAR	_tmp_val
                                           _00959_DS_
                                           	JBCLR	PFLAG,0
                                           	GOTO	_00798_DS_
                                           ;;genSkipc:3291: created from rifx:013B5EFC
                                           ;	.line	1181; "MC32P7351.c"	last_pwm_val--;
                                           	MOVAI	0xff
                                           	ADDRA	_last_pwm_val
                                           	JBSET	PFLAG,0
                                           	DECR	(_last_pwm_val + 1)
                                           _00798_DS_
                                           ;	.line	1188; "MC32P7351.c"	T2DATA = last_pwm_val;
                                           	MOVAR	_last_pwm_val
                                           	MOVRA	_T2DATA
                                           _00800_DS_
                                           ;	.line	1191; "MC32P7351.c"	if (flag_is_low_battery)
                                           	JBSET	_flag2,2
                                           	GOTO	_00813_DS_
                                           ;	.line	1193; "MC32P7351.c"	LED_WORKING_OFF();
                                           	BSET	_IOP1bits,4
                                           ;	.line	1196; "MC32P7351.c"	LED_CHARGING_ON();
                                           	BCLR	_IOP0bits,4
                                           ;	.line	1198; "MC32P7351.c"	for (i = 0; i < 20; i++)
                                           	CLRR	_i
                                           ;;unsigned compare: left < lit(0x14=20), size=1
                                           _00828_DS_
                                           	MOVAI	0x14
                                           	RSUBAR	_i
                                           	JBCLR	PFLAG,0
                                           	GOTO	_00808_DS_
                                           ;;genSkipc:3291: created from rifx:013B5EFC
                                           ;	.line	1201; "MC32P7351.c"	key_event_handle();
                                           	CALL	_key_event_handle
                                           ;	.line	1202; "MC32P7351.c"	delay_ms(10);
                                           	MOVAI	0x0a
                                           	MOVRA	STK00
                                           	MOVAI	0x00
                                           	CALL	_delay_ms
                                           ;	.line	1198; "MC32P7351.c"	for (i = 0; i < 20; i++)
                                           	INCR	_i
                                           	GOTO	_00828_DS_
                                           _00808_DS_
                                           ;	.line	1205; "MC32P7351.c"	LED_CHARGING_OFF();
                                           	BSET	_IOP0bits,4
                                           ;	.line	1207; "MC32P7351.c"	for (i = 0; i < 20; i++)
                                           	CLRR	_i
                                           ;;unsigned compare: left < lit(0x14=20), size=1
                                           _00831_DS_
                                           	MOVAI	0x14
                                           	RSUBAR	_i
                                           	JBCLR	PFLAG,0
                                           	GOTO	_00813_DS_
                                           ;;genSkipc:3291: created from rifx:013B5EFC
                                           ;	.line	1210; "MC32P7351.c"	key_event_handle();
                                           	CALL	_key_event_handle
                                           ;	.line	1211; "MC32P7351.c"	delay_ms(10);
                                           	MOVAI	0x0a
                                           	MOVRA	STK00
                                           	MOVAI	0x00
                                           	CALL	_delay_ms
                                           ;	.line	1207; "MC32P7351.c"	for (i = 0; i < 20; i++)
                                           	INCR	_i
                                           	GOTO	_00831_DS_
                                           _00813_DS_
                                           ;	.line	1215; "MC32P7351.c"	low_power_scan_handle();
                                           	CALL	_low_power_scan_handle
                                           ;	.line	1222; "MC32P7351.c"	__endasm;
                                           	;
                                           	CLRWDT;
                                           	
                                           	GOTO	_00815_DS_
                                           ;	.line	1225; "MC32P7351.c"	}
                                           	RETURN	
                                           ; exit point of _main
                                           
                                           ;***
                                           ;  pBlock Stats: dbName = C
                                           ;***
                                           ;entry:  _low_power_scan_handle	;Function start
                                           ; 2 exit points
                                           ;has an exit
                                           ;functions called:
                                           ;   _CLR_RAM
                                           ;   _adc_config
                                           ;   _adc_sel_pin
                                           ;   _adc_get_val
                                           ;   _Sys_Init
                                           ;   _CLR_RAM
                                           ;   _adc_config
                                           ;   _adc_sel_pin
                                           ;   _adc_get_val
                                           ;   _Sys_Init
                                           ;1 compiler assigned register :
                                           ;   STK00
                                           ;; Starting pCode block
                                           _low_power_scan_handle	;Function start
                                           ; 2 exit points
                                           ;	.line	866; "MC32P7351.c"	FLAG_IS_DEVICE_OPEN ||                            // 如果设备已经启动，不进入低功耗
                                           	JBCLR	_flag1,0
                                           	GOTO	_00722_DS_
                                           ;	.line	867; "MC32P7351.c"	FLAG_IS_IN_CHARGING ||                            // 如果正在充电，不进入低功耗，因为还需要输出PWM来控制充电
                                           	JBCLR	_flag1,2
                                           	GOTO	_00722_DS_
                                           ;	.line	868; "MC32P7351.c"	(0 == P01D) ||                                    // 如果检测到 开关/模式 按键按下，不进入低功耗(交给按键事件处理函数来判断是否要开机)
                                           	JBSET	_IOP0bits,1
                                           	GOTO	_00722_DS_
                                           ;	.line	869; "MC32P7351.c"	INFLATION_CTL_STATUS_NONE != inflation_ctl_status // 气泵、气阀还在工作，不进入低功耗
                                           	MOVAI	0x00
                                           	ORAR	_inflation_ctl_status
                                           	JBCLR	PFLAG,2
                                           	GOTO	_00727_DS_
                                           _00722_DS_
                                           ;	.line	872; "MC32P7351.c"	return;
                                           	GOTO	_00737_DS_
                                           _00727_DS_
                                           ;	.line	876; "MC32P7351.c"	GIE = 0;  // 禁用所有中断
                                           	BCLR	_MCRbits,7
                                           ;	.line	877; "MC32P7351.c"	T0EN = 0; // 关闭定时器和PWM输出
                                           	BCLR	_T0CRbits,7
                                           ;	.line	878; "MC32P7351.c"	T1EN = 0;
                                           	BCLR	_T1CRbits,7
                                           ;	.line	879; "MC32P7351.c"	T2EN = 0;
                                           	BCLR	_T2CRbits,7
                                           ;	.line	880; "MC32P7351.c"	T3EN = 0;
                                           	BCLR	_T3CRbits,7
                                           ;	.line	882; "MC32P7351.c"	PWM0EC = 0;
                                           	BCLR	_T0CRbits,6
                                           ;	.line	883; "MC32P7351.c"	PWM1EC = 0;
                                           	BCLR	_T1CRbits,6
                                           ;	.line	884; "MC32P7351.c"	PWM2EC = 0;
                                           	BCLR	_T2CRbits,6
                                           ;	.line	885; "MC32P7351.c"	T2DATA = 0;
                                           	CLRR	_T2DATA
                                           ;	.line	886; "MC32P7351.c"	ADEN = 0; // 不使能ad
                                           	BCLR	_ADCR0bits,0
                                           ;	.line	893; "MC32P7351.c"	LED_WORKING_OFF();
                                           	BSET	_IOP1bits,4
                                           ;	.line	894; "MC32P7351.c"	LED_CHARGING_OFF();
                                           	BSET	_IOP0bits,4
                                           ;	.line	895; "MC32P7351.c"	INFLATION_CTL_OFF();
                                           	BCLR	_IOP0bits,3
                                           ;	.line	896; "MC32P7351.c"	DEFLATION_CTL_OFF();
                                           	BCLR	_IOP1bits,3
                                           ;	.line	899; "MC32P7351.c"	P01PU = 1;
                                           	BSET	_PUP0bits,1
                                           ;	.line	900; "MC32P7351.c"	P01OE = 0;
                                           	BCLR	_OEP0bits,1
                                           ;	.line	903; "MC32P7351.c"	P00PD = 1;
                                           	BSET	_PDP0bits,0
                                           ;	.line	904; "MC32P7351.c"	P00OE = 0;
                                           	BCLR	_OEP0bits,0
                                           ;	.line	906; "MC32P7351.c"	HFEN = 0; // 关闭高速时钟
                                           	BCLR	_OSCMRbits,0
                                           ;	.line	907; "MC32P7351.c"	LFEN = 1;
                                           	BSET	_OSCMRbits,1
                                           ;	.line	910; "MC32P7351.c"	Nop();
                                           	nop	
                                           ;	.line	911; "MC32P7351.c"	Nop();
                                           	nop	
                                           ;	.line	912; "MC32P7351.c"	Stop();
                                           	stop	
                                           ;	.line	913; "MC32P7351.c"	Nop();
                                           	nop	
                                           ;	.line	914; "MC32P7351.c"	Nop();
                                           	nop	
                                           ;	.line	916; "MC32P7351.c"	HFEN = 1; // 开启高速时钟
                                           	BSET	_OSCMRbits,0
                                           ;	.line	918; "MC32P7351.c"	CLR_RAM();
                                           	CALL	_CLR_RAM
                                           ;	.line	920; "MC32P7351.c"	adc_config();
                                           	CALL	_adc_config
                                           ;	.line	921; "MC32P7351.c"	adc_sel_pin(ADC_PIN_P00_AN0);
                                           	MOVAI	0x01
                                           	CALL	_adc_sel_pin
                                           ;	.line	922; "MC32P7351.c"	adc_val = adc_get_val();
                                           	CALL	_adc_get_val
                                           	MOVRA	(_adc_val + 1)
                                           	MOVAR	STK00
                                           	MOVRA	_adc_val
                                           ;;unsigned compare: left < lit(0x800=2048), size=2
                                           ;	.line	924; "MC32P7351.c"	if (adc_val < ADCDETECT_CHARING_THRESHOLD && P01D)
                                           	MOVAI	0x08
                                           	RSUBAR	(_adc_val + 1)
                                           	JBSET	PFLAG,2
                                           	GOTO	_00759_DS_
                                           	MOVAI	0x00
                                           	RSUBAR	_adc_val
                                           _00759_DS_
                                           	JBCLR	PFLAG,0
                                           	GOTO	_00735_DS_
                                           ;;genSkipc:3291: created from rifx:013B5EFC
                                           	JBCLR	_IOP0bits,1
                                           	GOTO	_00727_DS_
                                           _00735_DS_
                                           ;	.line	950; "MC32P7351.c"	Sys_Init();
                                           	CALL	_Sys_Init
                                           _00737_DS_
                                           ;	.line	954; "MC32P7351.c"	}
                                           	RETURN	
                                           ; exit point of _low_power_scan_handle
                                           
                                           ;***
                                           ;  pBlock Stats: dbName = C
                                           ;***
                                           ;entry:  _shutdown_scan_handle	;Function start
                                           ; 2 exit points
                                           ;has an exit
                                           ;; Starting pCode block
                                           _shutdown_scan_handle	;Function start
                                           ; 2 exit points
                                           ;	.line	836; "MC32P7351.c"	if (FLAG_IS_DEVICE_OPEN)
                                           	JBSET	_flag1,0
                                           	GOTO	_00705_DS_
                                           ;;unsigned compare: left < lit(0xDBBA0=900000), size=4
                                           ;	.line	840; "MC32P7351.c"	if (shut_down_ms_cnt >= 900000UL)
                                           	MOVAI	0x00
                                           	RSUBAR	(_shut_down_ms_cnt + 3)
                                           	JBSET	PFLAG,2
                                           	GOTO	_00717_DS_
                                           	MOVAI	0x0d
                                           	RSUBAR	(_shut_down_ms_cnt + 2)
                                           	JBSET	PFLAG,2
                                           	GOTO	_00717_DS_
                                           	MOVAI	0xbb
                                           	RSUBAR	(_shut_down_ms_cnt + 1)
                                           	JBSET	PFLAG,2
                                           	GOTO	_00717_DS_
                                           	MOVAI	0xa0
                                           	RSUBAR	_shut_down_ms_cnt
                                           _00717_DS_
                                           	JBSET	PFLAG,0
                                           	GOTO	_00707_DS_
                                           ;;genSkipc:3291: created from rifx:013B5EFC
                                           ;	.line	843; "MC32P7351.c"	LED_WORKING_OFF(); // 关闭电源指示灯
                                           	BSET	_IOP1bits,4
                                           ;	.line	844; "MC32P7351.c"	LED_CHARGING_OFF();
                                           	BSET	_IOP0bits,4
                                           ;	.line	845; "MC32P7351.c"	HEATING_OFF(); // 关闭加热
                                           	BCLR	_IOP1bits,2
                                           ;	.line	846; "MC32P7351.c"	FLAG_IS_HEATING = 0;
                                           	BCLR	_flag1,1
                                           ;	.line	847; "MC32P7351.c"	mode_flag = MODE_4; // 下一次切换模式时，会变成 MODE_1
                                           	MOVAI	0x03
                                           	MOVRA	_mode_flag
                                           ;	.line	849; "MC32P7351.c"	PWM0EC = 0;
                                           	BCLR	_T0CRbits,6
                                           ;	.line	850; "MC32P7351.c"	PWM1EC = 0;
                                           	BCLR	_T1CRbits,6
                                           ;	.line	852; "MC32P7351.c"	FLAG_IS_DEVICE_OPEN = 0;
                                           	BCLR	_flag1,0
                                           ;	.line	853; "MC32P7351.c"	inflation_ctl_status = INFLATION_CTL_STATUS_DEFLATION;
                                           	MOVAI	0x02
                                           	MOVRA	_inflation_ctl_status
                                           	GOTO	_00707_DS_
                                           _00705_DS_
                                           ;	.line	859; "MC32P7351.c"	shut_down_ms_cnt = 0;
                                           	CLRR	_shut_down_ms_cnt
                                           	CLRR	(_shut_down_ms_cnt + 1)
                                           	CLRR	(_shut_down_ms_cnt + 2)
                                           	CLRR	(_shut_down_ms_cnt + 3)
                                           _00707_DS_
                                           ;	.line	861; "MC32P7351.c"	}
                                           	RETURN	
                                           ; exit point of _shutdown_scan_handle
                                           
                                           ;***
                                           ;  pBlock Stats: dbName = C
                                           ;***
                                           ;entry:  _turn_dir_scan_handle	;Function start
                                           ; 2 exit points
                                           ;has an exit
                                           ;functions called:
                                           ;   _delay_ms
                                           ;   _delay_ms
                                           ;   _delay_ms
                                           ;   _delay_ms
                                           ;1 compiler assigned register :
                                           ;   STK00
                                           ;; Starting pCode block
                                           _turn_dir_scan_handle	;Function start
                                           ; 2 exit points
                                           ;	.line	801; "MC32P7351.c"	if (FLAG_IS_DEVICE_OPEN)
                                           	JBSET	_flag1,0
                                           	GOTO	_00672_DS_
                                           ;;unsigned compare: left < lit(0x1D4C0=120000), size=4
                                           ;	.line	805; "MC32P7351.c"	if (turn_dir_ms_cnt >= (120000) ||
                                           	MOVAI	0x00
                                           	RSUBAR	(_turn_dir_ms_cnt + 3)
                                           	JBSET	PFLAG,2
                                           	GOTO	_00688_DS_
                                           	MOVAI	0x01
                                           	RSUBAR	(_turn_dir_ms_cnt + 2)
                                           	JBSET	PFLAG,2
                                           	GOTO	_00688_DS_
                                           	MOVAI	0xd4
                                           	RSUBAR	(_turn_dir_ms_cnt + 1)
                                           	JBSET	PFLAG,2
                                           	GOTO	_00688_DS_
                                           	MOVAI	0xc0
                                           	RSUBAR	_turn_dir_ms_cnt
                                           _00688_DS_
                                           	JBCLR	PFLAG,0
                                           	GOTO	_00668_DS_
                                           ;;genSkipc:3291: created from rifx:013B5EFC
                                           ;	.line	806; "MC32P7351.c"	flag_ctl_dir)
                                           	JBSET	_flag3,0
                                           	GOTO	_00674_DS_
                                           _00668_DS_
                                           ;	.line	808; "MC32P7351.c"	if (0 == FLAG_DIR)
                                           	JBCLR	_flag1,3
                                           	GOTO	_00666_DS_
                                           ;	.line	810; "MC32P7351.c"	PWM1EC = 0;
                                           	BCLR	_T1CRbits,6
                                           ;	.line	811; "MC32P7351.c"	delay_ms(1000);
                                           	MOVAI	0xe8
                                           	MOVRA	STK00
                                           	MOVAI	0x03
                                           	CALL	_delay_ms
                                           ;	.line	812; "MC32P7351.c"	PWM0EC = 1;
                                           	BSET	_T0CRbits,6
                                           ;	.line	813; "MC32P7351.c"	FLAG_DIR = 1; //
                                           	BSET	_flag1,3
                                           	GOTO	_00667_DS_
                                           _00666_DS_
                                           ;	.line	817; "MC32P7351.c"	PWM0EC = 0; //
                                           	BCLR	_T0CRbits,6
                                           ;	.line	818; "MC32P7351.c"	delay_ms(1000);
                                           	MOVAI	0xe8
                                           	MOVRA	STK00
                                           	MOVAI	0x03
                                           	CALL	_delay_ms
                                           ;	.line	819; "MC32P7351.c"	PWM1EC = 1;   //
                                           	BSET	_T1CRbits,6
                                           ;	.line	820; "MC32P7351.c"	FLAG_DIR = 0; //
                                           	BCLR	_flag1,3
                                           _00667_DS_
                                           ;	.line	823; "MC32P7351.c"	flag_ctl_dir = 0;
                                           	BCLR	_flag3,0
                                           ;	.line	824; "MC32P7351.c"	turn_dir_ms_cnt = 0;
                                           	CLRR	_turn_dir_ms_cnt
                                           	CLRR	(_turn_dir_ms_cnt + 1)
                                           	CLRR	(_turn_dir_ms_cnt + 2)
                                           	CLRR	(_turn_dir_ms_cnt + 3)
                                           	GOTO	_00674_DS_
                                           _00672_DS_
                                           ;	.line	829; "MC32P7351.c"	turn_dir_ms_cnt = 0; // 设备未运行时，清空计数值
                                           	CLRR	_turn_dir_ms_cnt
                                           	CLRR	(_turn_dir_ms_cnt + 1)
                                           	CLRR	(_turn_dir_ms_cnt + 2)
                                           	CLRR	(_turn_dir_ms_cnt + 3)
                                           _00674_DS_
                                           ;	.line	831; "MC32P7351.c"	}
                                           	RETURN	
                                           ; exit point of _turn_dir_scan_handle
                                           
                                           ;***
                                           ;  pBlock Stats: dbName = C
                                           ;***
                                           ;entry:  _adc_scan_handle	;Function start
                                           ; 2 exit points
                                           ;has an exit
                                           ;functions called:
                                           ;   _adc_sel_pin
                                           ;   _adc_get_val
                                           ;   _key_event_handle
                                           ;   _adc_sel_pin
                                           ;   _adc_get_val
                                           ;   _key_event_handle
                                           ;   _adc_sel_pin
                                           ;   _adc_get_val
                                           ;   _key_event_handle
                                           ;   _adc_sel_pin
                                           ;   _adc_get_val
                                           ;   _key_event_handle
                                           ;1 compiler assigned register :
                                           ;   STK00
                                           ;; Starting pCode block
                                           _adc_scan_handle	;Function start
                                           ; 2 exit points
                                           ;	.line	519; "MC32P7351.c"	volatile u8 cnt = 0;             // 计数值，用于检测电池是否满电，也是用于检测是否插入/拔出充电器的计数值
                                           	CLRR	_adc_scan_handle_cnt_65536_93
                                           ;	.line	520; "MC32P7351.c"	volatile u8 need_charge_cnt = 0; // 计数值，用于检测是否要快速充电
                                           	CLRR	_adc_scan_handle_need_charge_cnt_65536_93
                                           ;	.line	522; "MC32P7351.c"	adc_bat_val = 0;
                                           	CLRR	_adc_bat_val
                                           	CLRR	(_adc_bat_val + 1)
                                           	CLRR	(_adc_bat_val + 2)
                                           	CLRR	(_adc_bat_val + 3)
                                           ;	.line	523; "MC32P7351.c"	adc_charging_val = 0;
                                           	CLRR	_adc_charging_val
                                           	CLRR	(_adc_charging_val + 1)
                                           ;	.line	525; "MC32P7351.c"	adc_sel_pin(ADC_PIN_P02_AN1); // 切换到检测电池降压后的电压的检测引脚
                                           	MOVAI	0x02
                                           	CALL	_adc_sel_pin
                                           ;	.line	526; "MC32P7351.c"	for (i = 0; i < 10; i++)      // 每55ms进入一次，循环内每次间隔约4.8ms
                                           	CLRR	_i
                                           ;;unsigned compare: left < lit(0xA=10), size=1
                                           _00508_DS_
                                           	MOVAI	0x0a
                                           	RSUBAR	_i
                                           	JBCLR	PFLAG,0
                                           	GOTO	_00471_DS_
                                           ;;genSkipc:3291: created from rifx:013B5EFC
                                           ;	.line	528; "MC32P7351.c"	adc_val = adc_get_val();
                                           	CALL	_adc_get_val
                                           	MOVRA	(_adc_val + 1)
                                           	MOVAR	STK00
                                           	MOVRA	_adc_val
                                           ;	.line	530; "MC32P7351.c"	if (i == 0)
                                           	MOVAI	0x00
                                           	ORAR	_i
                                           	JBSET	PFLAG,2
                                           	GOTO	_00407_DS_
                                           ;	.line	532; "MC32P7351.c"	adc_bat_val = adc_val;
                                           	MOVAR	_adc_val
                                           	MOVRA	_adc_bat_val
                                           	MOVAR	(_adc_val + 1)
                                           	MOVRA	(_adc_bat_val + 1)
                                           	CLRR	(_adc_bat_val + 2)
                                           	CLRR	(_adc_bat_val + 3)
                                           _00407_DS_
                                           ;	.line	535; "MC32P7351.c"	if (FLAG_IS_IN_CHARGING)
                                           	JBSET	_flag1,2
                                           	GOTO	_00469_DS_
                                           ;;unsigned compare: left < lit(0xF52=3922), size=2
                                           ;	.line	538; "MC32P7351.c"	if (adc_val >= ADCDETECT_BAT_FULL + ADCDETECT_BAT_NULL_EX)
                                           	MOVAI	0x0f
                                           	RSUBAR	(_adc_val + 1)
                                           	JBSET	PFLAG,2
                                           	GOTO	_00644_DS_
                                           	MOVAI	0x52
                                           	RSUBAR	_adc_val
                                           _00644_DS_
                                           	JBSET	PFLAG,0
                                           	GOTO	_00409_DS_
                                           ;;genSkipc:3291: created from rifx:013B5EFC
                                           ;	.line	541; "MC32P7351.c"	T2DATA = 0;
                                           	CLRR	_T2DATA
                                           ;	.line	542; "MC32P7351.c"	over_charging_cnt++;
                                           	INCR	_over_charging_cnt
                                           ;;unsigned compare: left < lit(0xE3A=3642), size=2
                                           _00409_DS_
                                           ;	.line	545; "MC32P7351.c"	if (adc_val >= ADCDETECT_BAT_FULL) // 检测电池是否满电
                                           	MOVAI	0x0e
                                           	RSUBAR	(_adc_val + 1)
                                           	JBSET	PFLAG,2
                                           	GOTO	_00645_DS_
                                           	MOVAI	0x3a
                                           	RSUBAR	_adc_val
                                           _00645_DS_
                                           	JBSET	PFLAG,0
                                           	GOTO	_00413_DS_
                                           ;;genSkipc:3291: created from rifx:013B5EFC
                                           ;	.line	547; "MC32P7351.c"	cnt++;
                                           	INCR	_adc_scan_handle_cnt_65536_93
                                           	GOTO	_00414_DS_
                                           ;;unsigned compare: left < lit(0xD90=3472), size=2
                                           _00413_DS_
                                           ;	.line	549; "MC32P7351.c"	else if (adc_val < ADCDETECT_BAT_WILL_FULL) // 检测是否要快速充电
                                           	MOVAI	0x0d
                                           	RSUBAR	(_adc_val + 1)
                                           	JBSET	PFLAG,2
                                           	GOTO	_00646_DS_
                                           	MOVAI	0x90
                                           	RSUBAR	_adc_val
                                           _00646_DS_
                                           	JBCLR	PFLAG,0
                                           	GOTO	_00414_DS_
                                           ;;genSkipc:3291: created from rifx:013B5EFC
                                           ;	.line	551; "MC32P7351.c"	need_charge_cnt++;
                                           	INCR	_adc_scan_handle_need_charge_cnt_65536_93
                                           ;;unsigned compare: left < lit(0xAB3420=11220000), size=4
                                           _00414_DS_
                                           ;	.line	555; "MC32P7351.c"	if (charge_time_cnt >= ((u32)3 * 60 * 60 * 1000 + (u32)7 * 60 * 1000) && 0 == flag_is_led_breath_disable) // 3h7min
                                           	MOVAI	0x00
                                           	RSUBAR	(_charge_time_cnt + 3)
                                           	JBSET	PFLAG,2
                                           	GOTO	_00647_DS_
                                           	MOVAI	0xab
                                           	RSUBAR	(_charge_time_cnt + 2)
                                           	JBSET	PFLAG,2
                                           	GOTO	_00647_DS_
                                           	MOVAI	0x34
                                           	RSUBAR	(_charge_time_cnt + 1)
                                           	JBSET	PFLAG,2
                                           	GOTO	_00647_DS_
                                           	MOVAI	0x20
                                           	RSUBAR	_charge_time_cnt
                                           _00647_DS_
                                           	JBSET	PFLAG,0
                                           	GOTO	_00422_DS_
                                           ;;genSkipc:3291: created from rifx:013B5EFC
                                           	JBCLR	_flag1,7
                                           	GOTO	_00422_DS_
                                           ;	.line	561; "MC32P7351.c"	flag_is_led_breath_disable = 1;
                                           	BSET	_flag1,7
                                           ;	.line	562; "MC32P7351.c"	flag_is_bat_nearly_fully_charged = 1; // 标志位，表示电池即将充满电
                                           	BSET	_flag2,3
                                           ;	.line	563; "MC32P7351.c"	LED_CHARGING_OFF();                   // 关闭充电指示灯
                                           	BSET	_IOP0bits,4
                                           ;	.line	564; "MC32P7351.c"	LED_WORKING_ON();                     // 打开电源指示灯，表示充满电
                                           	BCLR	_IOP1bits,4
                                           ;;unsigned compare: left < lit(0x8=8), size=1
                                           _00422_DS_
                                           ;	.line	587; "MC32P7351.c"	if (cnt >= 8 || over_charging_cnt >= 8)
                                           	MOVAI	0x08
                                           	RSUBAR	_adc_scan_handle_cnt_65536_93
                                           	JBCLR	PFLAG,0
                                           	GOTO	_00435_DS_
                                           ;;genSkipc:3291: created from rifx:013B5EFC
                                           ;;unsigned compare: left < lit(0x8=8), size=1
                                           	MOVAI	0x08
                                           	RSUBAR	_over_charging_cnt
                                           	JBSET	PFLAG,0
                                           	GOTO	_00436_DS_
                                           ;;genSkipc:3291: created from rifx:013B5EFC
                                           _00435_DS_
                                           ;	.line	591; "MC32P7351.c"	full_charge_cnt++;
                                           	INCR	_full_charge_cnt
                                           ;;unsigned compare: left < lit(0x64=100), size=1
                                           ;	.line	592; "MC32P7351.c"	if (full_charge_cnt >= 100 || over_charging_cnt >= 8) // 5.5s或者是连续触发了若干次过充保护
                                           	MOVAI	0x64
                                           	RSUBAR	_full_charge_cnt
                                           	JBCLR	PFLAG,0
                                           	GOTO	_00430_DS_
                                           ;;genSkipc:3291: created from rifx:013B5EFC
                                           ;;unsigned compare: left < lit(0x8=8), size=1
                                           	MOVAI	0x08
                                           	RSUBAR	_over_charging_cnt
                                           	JBSET	PFLAG,0
                                           	GOTO	_00470_DS_
                                           ;;genSkipc:3291: created from rifx:013B5EFC
                                           _00430_DS_
                                           ;	.line	594; "MC32P7351.c"	full_charge_cnt = 0; //
                                           	CLRR	_full_charge_cnt
                                           ;	.line	596; "MC32P7351.c"	PWM2EC = 0; // 关闭控制升压电路的pwm
                                           	BCLR	_T2CRbits,6
                                           ;	.line	597; "MC32P7351.c"	T2DATA = 0;
                                           	CLRR	_T2DATA
                                           ;	.line	599; "MC32P7351.c"	FLAG_BAT_IS_NEED_CHARGE = 0;
                                           	BCLR	_flag1,4
                                           ;	.line	600; "MC32P7351.c"	FLAG_BAT_IS_FULL = 1;
                                           	BSET	_flag1,5
                                           ;	.line	602; "MC32P7351.c"	LED_CHARGING_OFF(); // 关闭充电指示灯
                                           	BSET	_IOP0bits,4
                                           ;	.line	605; "MC32P7351.c"	LED_WORKING_ON(); // 打开电源指示灯，表示充满电
                                           	BCLR	_IOP1bits,4
                                           ;	.line	606; "MC32P7351.c"	break;
                                           	GOTO	_00471_DS_
                                           ;;unsigned compare: left < lit(0x8=8), size=1
                                           _00436_DS_
                                           ;	.line	609; "MC32P7351.c"	else if (need_charge_cnt >= 8)
                                           	MOVAI	0x08
                                           	RSUBAR	_adc_scan_handle_need_charge_cnt_65536_93
                                           	JBSET	PFLAG,0
                                           	GOTO	_00470_DS_
                                           ;;genSkipc:3291: created from rifx:013B5EFC
                                           ;	.line	614; "MC32P7351.c"	FLAG_BAT_IS_NEED_CHARGE = 1;
                                           	BSET	_flag1,4
                                           ;	.line	615; "MC32P7351.c"	FLAG_BAT_IS_FULL = 0;
                                           	BCLR	_flag1,5
                                           ;	.line	616; "MC32P7351.c"	break;
                                           	GOTO	_00471_DS_
                                           ;;swapping arguments (AOP_TYPEs 1/3)
                                           ;;unsigned compare: left >= lit(0xDE6=3558), size=2
                                           _00469_DS_
                                           ;	.line	622; "MC32P7351.c"	if (adc_val <= ADCDETECT_BAT_FULL - ((ADCDETECT_BAT_FULL - ADCDETECT_BAT_WILL_FULL) / 2))
                                           	MOVAI	0x0d
                                           	RSUBAR	(_adc_val + 1)
                                           	JBSET	PFLAG,2
                                           	GOTO	_00653_DS_
                                           	MOVAI	0xe6
                                           	RSUBAR	_adc_val
                                           _00653_DS_
                                           	JBCLR	PFLAG,0
                                           	GOTO	_00440_DS_
                                           ;;genSkipc:3291: created from rifx:013B5EFC
                                           ;	.line	624; "MC32P7351.c"	cnt++;
                                           	INCR	_adc_scan_handle_cnt_65536_93
                                           ;;unsigned compare: left < lit(0x8=8), size=1
                                           _00440_DS_
                                           ;	.line	627; "MC32P7351.c"	if (cnt >= 8)
                                           	MOVAI	0x08
                                           	RSUBAR	_adc_scan_handle_cnt_65536_93
                                           	JBSET	PFLAG,0
                                           	GOTO	_00442_DS_
                                           ;;genSkipc:3291: created from rifx:013B5EFC
                                           ;	.line	630; "MC32P7351.c"	FLAG_BAT_IS_NEED_CHARGE = 1;
                                           	BSET	_flag1,4
                                           ;	.line	631; "MC32P7351.c"	FLAG_BAT_IS_FULL = 0;
                                           	BCLR	_flag1,5
                                           ;	.line	632; "MC32P7351.c"	break;
                                           	GOTO	_00471_DS_
                                           _00442_DS_
                                           ;	.line	636; "MC32P7351.c"	FLAG_IS_DEVICE_OPEN &&     /* 设备正在运行 */
                                           	JBSET	_flag1,0
                                           	GOTO	_00448_DS_
                                           ;;unsigned compare: left < lit(0xA93=2707), size=2
                                           ;	.line	638; "MC32P7351.c"	)
                                           	MOVAI	0x0a
                                           	RSUBAR	(_adc_val + 1)
                                           	JBSET	PFLAG,2
                                           	GOTO	_00655_DS_
                                           	MOVAI	0x93
                                           	RSUBAR	_adc_val
                                           _00655_DS_
                                           	JBCLR	PFLAG,0
                                           	GOTO	_00448_DS_
                                           ;;genSkipc:3291: created from rifx:013B5EFC
                                           ;	.line	640; "MC32P7351.c"	flag_tim_scan_maybe_shut_down = 1;
                                           	BSET	_flag3,3
                                           	GOTO	_00449_DS_
                                           _00448_DS_
                                           ;	.line	642; "MC32P7351.c"	else if (FLAG_IS_DEVICE_OPEN &&
                                           	JBSET	_flag1,0
                                           	GOTO	_00444_DS_
                                           ;;unsigned compare: left < lit(0xB15=2837), size=2
                                           ;	.line	643; "MC32P7351.c"	adc_val < LOW_BATTERY_AD_VAL)
                                           	MOVAI	0x0b
                                           	RSUBAR	(_adc_val + 1)
                                           	JBSET	PFLAG,2
                                           	GOTO	_00656_DS_
                                           	MOVAI	0x15
                                           	RSUBAR	_adc_val
                                           _00656_DS_
                                           	JBCLR	PFLAG,0
                                           	GOTO	_00444_DS_
                                           ;;genSkipc:3291: created from rifx:013B5EFC
                                           ;	.line	646; "MC32P7351.c"	flag_maybe_low_battery = 1;
                                           	BSET	_flag3,2
                                           ;	.line	647; "MC32P7351.c"	flag_tim_scan_maybe_shut_down = 0;
                                           	BCLR	_flag3,3
                                           	GOTO	_00449_DS_
                                           _00444_DS_
                                           ;	.line	651; "MC32P7351.c"	flag_maybe_low_battery = 0;
                                           	BCLR	_flag3,2
                                           ;	.line	652; "MC32P7351.c"	flag_tim_scan_maybe_shut_down = 0;
                                           	BCLR	_flag3,3
                                           _00449_DS_
                                           ;	.line	656; "MC32P7351.c"	if (flag_is_needed_shut_down && FLAG_IS_DEVICE_OPEN)
                                           	JBSET	_flag3,4
                                           	GOTO	_00470_DS_
                                           	JBSET	_flag1,0
                                           	GOTO	_00470_DS_
                                           ;	.line	658; "MC32P7351.c"	flag_is_needed_shut_down = 0;
                                           	BCLR	_flag3,4
                                           ;	.line	660; "MC32P7351.c"	LED_WORKING_OFF(); // 关闭电源指示灯
                                           	BSET	_IOP1bits,4
                                           ;	.line	661; "MC32P7351.c"	LED_CHARGING_OFF();
                                           	BSET	_IOP0bits,4
                                           ;	.line	662; "MC32P7351.c"	HEATING_OFF(); // 关闭加热
                                           	BCLR	_IOP1bits,2
                                           ;	.line	663; "MC32P7351.c"	FLAG_IS_DEVICE_OPEN = 0;
                                           	BCLR	_flag1,0
                                           ;	.line	664; "MC32P7351.c"	FLAG_IS_HEATING = 0;
                                           	BCLR	_flag1,1
                                           ;	.line	666; "MC32P7351.c"	if (flag_is_low_battery)
                                           	JBSET	_flag2,2
                                           	GOTO	_00464_DS_
                                           ;	.line	669; "MC32P7351.c"	flag_is_low_battery = 0;
                                           	BCLR	_flag2,2
                                           ;	.line	670; "MC32P7351.c"	LED_CHARGING_OFF(); // 关闭用于报警的LED
                                           	BSET	_IOP0bits,4
                                           _00464_DS_
                                           ;	.line	673; "MC32P7351.c"	mode_flag = MODE_1; // 下一次切换模式时，会变成 MODE_2
                                           	CLRR	_mode_flag
                                           ;	.line	676; "MC32P7351.c"	PWM0EC = 0;
                                           	BCLR	_T0CRbits,6
                                           ;	.line	677; "MC32P7351.c"	PWM1EC = 0;
                                           	BCLR	_T1CRbits,6
                                           ;	.line	679; "MC32P7351.c"	inflation_ctl_status = INFLATION_CTL_STATUS_DEFLATION; // 放气
                                           	MOVAI	0x02
                                           	MOVRA	_inflation_ctl_status
                                           _00470_DS_
                                           ;	.line	684; "MC32P7351.c"	key_event_handle();
                                           	CALL	_key_event_handle
                                           ;	.line	526; "MC32P7351.c"	for (i = 0; i < 10; i++)      // 每55ms进入一次，循环内每次间隔约4.8ms
                                           	INCR	_i
                                           	GOTO	_00508_DS_
                                           _00471_DS_
                                           ;	.line	687; "MC32P7351.c"	cnt = 0;
                                           	CLRR	_adc_scan_handle_cnt_65536_93
                                           ;	.line	688; "MC32P7351.c"	adc_sel_pin(ADC_PIN_P00_AN0); // 切换到检测充电的电压检测引脚(检测到的充电电压 == USB-C口电压 / 2)
                                           	MOVAI	0x01
                                           	CALL	_adc_sel_pin
                                           ;	.line	689; "MC32P7351.c"	for (i = 0; i < 10; i++)
                                           	CLRR	_i
                                           ;;unsigned compare: left < lit(0xA=10), size=1
                                           _00511_DS_
                                           	MOVAI	0x0a
                                           	RSUBAR	_i
                                           	JBCLR	PFLAG,0
                                           	GOTO	_00513_DS_
                                           ;;genSkipc:3291: created from rifx:013B5EFC
                                           ;	.line	691; "MC32P7351.c"	adc_val = adc_get_val();
                                           	CALL	_adc_get_val
                                           	MOVRA	(_adc_val + 1)
                                           	MOVAR	STK00
                                           	MOVRA	_adc_val
                                           ;	.line	693; "MC32P7351.c"	if (adc_charging_val != 0)
                                           	MOVAR	_adc_charging_val
                                           	ORAR	(_adc_charging_val + 1)
                                           	JBCLR	PFLAG,2
                                           	GOTO	_00473_DS_
                                           ;	.line	695; "MC32P7351.c"	adc_charging_val += adc_val;
                                           	MOVAR	_adc_val
                                           	ADDRA	_adc_charging_val
                                           	MOVAR	(_adc_val + 1)
                                           	JBCLR	PFLAG,0
                                           	JZAR	(_adc_val + 1)
                                           	ADDRA	(_adc_charging_val + 1)
                                           ;;shiftRight_Left2ResultLit:5339: shCount=1, size=2, sign=0, same=1, offr=0
                                           ;	.line	696; "MC32P7351.c"	adc_charging_val /= 2;
                                           	BCLR	PFLAG,0
                                           	RRR	(_adc_charging_val + 1)
                                           	RRR	_adc_charging_val
                                           	GOTO	_00474_DS_
                                           _00473_DS_
                                           ;	.line	700; "MC32P7351.c"	adc_charging_val += adc_val;
                                           	MOVAR	_adc_val
                                           	ADDRA	_adc_charging_val
                                           	MOVAR	(_adc_val + 1)
                                           	JBCLR	PFLAG,0
                                           	JZAR	(_adc_val + 1)
                                           	ADDRA	(_adc_charging_val + 1)
                                           _00474_DS_
                                           ;	.line	703; "MC32P7351.c"	if (FLAG_IS_IN_CHARGING)
                                           	JBSET	_flag1,2
                                           	GOTO	_00504_DS_
                                           ;;unsigned compare: left < lit(0x800=2048), size=2
                                           ;	.line	706; "MC32P7351.c"	if (adc_val < ADCDETECT_CHARING_THRESHOLD)
                                           	MOVAI	0x08
                                           	RSUBAR	(_adc_val + 1)
                                           	JBSET	PFLAG,2
                                           	GOTO	_00658_DS_
                                           	MOVAI	0x00
                                           	RSUBAR	_adc_val
                                           _00658_DS_
                                           	JBCLR	PFLAG,0
                                           	GOTO	_00476_DS_
                                           ;;genSkipc:3291: created from rifx:013B5EFC
                                           ;	.line	708; "MC32P7351.c"	cnt++;
                                           	INCR	_adc_scan_handle_cnt_65536_93
                                           ;;unsigned compare: left < lit(0x8=8), size=1
                                           _00476_DS_
                                           ;	.line	711; "MC32P7351.c"	if (cnt >= 8)
                                           	MOVAI	0x08
                                           	RSUBAR	_adc_scan_handle_cnt_65536_93
                                           	JBSET	PFLAG,0
                                           	GOTO	_00484_DS_
                                           ;;genSkipc:3291: created from rifx:013B5EFC
                                           ;	.line	714; "MC32P7351.c"	FLAG_IS_IN_CHARGING = 0;
                                           	BCLR	_flag1,2
                                           ;	.line	715; "MC32P7351.c"	LED_CHARGING_OFF(); // 关闭充电指示灯
                                           	BSET	_IOP0bits,4
                                           ;	.line	716; "MC32P7351.c"	PWM2EC = 0;         // 关闭控制升压电路的pwm
                                           	BCLR	_T2CRbits,6
                                           ;	.line	717; "MC32P7351.c"	T2DATA = 0;
                                           	CLRR	_T2DATA
                                           ;	.line	719; "MC32P7351.c"	LED_WORKING_OFF(); // 关闭电池充满电的指示灯（白灯）
                                           	BSET	_IOP1bits,4
                                           ;	.line	721; "MC32P7351.c"	break;
                                           	GOTO	_00513_DS_
                                           _00484_DS_
                                           ;	.line	724; "MC32P7351.c"	if (0 == FLAG_IS_DEVICE_OPEN)
                                           	JBCLR	_flag1,0
                                           	GOTO	_00505_DS_
                                           ;	.line	727; "MC32P7351.c"	if (0 == FLAG_BAT_IS_FULL &&
                                           	JBCLR	_flag1,5
                                           	GOTO	_00505_DS_
                                           ;	.line	728; "MC32P7351.c"	0 == flag_is_bat_nearly_fully_charged)
                                           	JBCLR	_flag2,3
                                           	GOTO	_00505_DS_
                                           ;	.line	732; "MC32P7351.c"	LED_WORKING_OFF();
                                           	BSET	_IOP1bits,4
                                           	GOTO	_00505_DS_
                                           ;;unsigned compare: left < lit(0x800=2048), size=2
                                           _00504_DS_
                                           ;	.line	740; "MC32P7351.c"	if (adc_val >= ADCDETECT_CHARING_THRESHOLD)
                                           	MOVAI	0x08
                                           	RSUBAR	(_adc_val + 1)
                                           	JBSET	PFLAG,2
                                           	GOTO	_00660_DS_
                                           	MOVAI	0x00
                                           	RSUBAR	_adc_val
                                           _00660_DS_
                                           	JBSET	PFLAG,0
                                           	GOTO	_00494_DS_
                                           ;;genSkipc:3291: created from rifx:013B5EFC
                                           ;	.line	742; "MC32P7351.c"	cnt++;
                                           	INCR	_adc_scan_handle_cnt_65536_93
                                           ;;unsigned compare: left < lit(0x8=8), size=1
                                           _00494_DS_
                                           ;	.line	745; "MC32P7351.c"	if (cnt >= 8)
                                           	MOVAI	0x08
                                           	RSUBAR	_adc_scan_handle_cnt_65536_93
                                           	JBSET	PFLAG,0
                                           	GOTO	_00505_DS_
                                           ;;genSkipc:3291: created from rifx:013B5EFC
                                           ;	.line	751; "MC32P7351.c"	full_charge_cnt = 0;
                                           	CLRR	_full_charge_cnt
                                           ;	.line	752; "MC32P7351.c"	over_charging_cnt = 0;
                                           	CLRR	_over_charging_cnt
                                           ;	.line	754; "MC32P7351.c"	FLAG_IS_IN_CHARGING = 1;
                                           	BSET	_flag1,2
                                           ;	.line	757; "MC32P7351.c"	PWM2EC = 1; // 开启控制升压电路的pwm
                                           	BSET	_T2CRbits,6
                                           ;	.line	759; "MC32P7351.c"	LED_WORKING_OFF(); // 关闭电源指示灯
                                           	BSET	_IOP1bits,4
                                           ;	.line	760; "MC32P7351.c"	HEATING_OFF();     // 关闭加热
                                           	BCLR	_IOP1bits,2
                                           ;	.line	761; "MC32P7351.c"	FLAG_IS_DEVICE_OPEN = 0;
                                           	BCLR	_flag1,0
                                           ;	.line	762; "MC32P7351.c"	FLAG_IS_HEATING = 0;
                                           	BCLR	_flag1,1
                                           ;	.line	763; "MC32P7351.c"	mode_flag = MODE_1; // 下一次切换模式时，会变成 MODE_2
                                           	CLRR	_mode_flag
                                           ;	.line	765; "MC32P7351.c"	PWM0EC = 0;
                                           	BCLR	_T0CRbits,6
                                           ;	.line	766; "MC32P7351.c"	PWM1EC = 0;
                                           	BCLR	_T1CRbits,6
                                           ;	.line	767; "MC32P7351.c"	inflation_ctl_status = INFLATION_CTL_STATUS_DEFLATION; // 放气
                                           	MOVAI	0x02
                                           	MOVRA	_inflation_ctl_status
                                           ;	.line	769; "MC32P7351.c"	flag_is_low_battery = 0; // 清除该标志位
                                           	BCLR	_flag2,2
                                           ;	.line	770; "MC32P7351.c"	break;
                                           	GOTO	_00513_DS_
                                           _00505_DS_
                                           ;	.line	795; "MC32P7351.c"	key_event_handle();
                                           	CALL	_key_event_handle
                                           ;	.line	689; "MC32P7351.c"	for (i = 0; i < 10; i++)
                                           	INCR	_i
                                           	GOTO	_00511_DS_
                                           _00513_DS_
                                           ;	.line	797; "MC32P7351.c"	}
                                           	RETURN	
                                           ; exit point of _adc_scan_handle
                                           
                                           ;***
                                           ;  pBlock Stats: dbName = C
                                           ;***
                                           ;entry:  _key_event_handle	;Function start
                                           ; 2 exit points
                                           ;has an exit
                                           ;; Starting pCode block
                                           _key_event_handle	;Function start
                                           ; 2 exit points
                                           ;	.line	403; "MC32P7351.c"	if (FLAG_IS_DEVICE_OPEN)
                                           	JBSET	_flag1,0
                                           	GOTO	_00400_DS_
                                           ;	.line	406; "MC32P7351.c"	if (KEY_EVENT_MODE_HOLD == key_event)
                                           	MOVAR	_key_event
                                           	XORAI	0x03
                                           	JBSET	PFLAG,2
                                           	GOTO	_00388_DS_
                                           ;	.line	409; "MC32P7351.c"	LED_WORKING_OFF(); // 关闭电源指示灯
                                           	BSET	_IOP1bits,4
                                           ;	.line	410; "MC32P7351.c"	LED_CHARGING_OFF();
                                           	BSET	_IOP0bits,4
                                           ;	.line	411; "MC32P7351.c"	HEATING_OFF(); // 关闭加热
                                           	BCLR	_IOP1bits,2
                                           ;	.line	412; "MC32P7351.c"	FLAG_IS_DEVICE_OPEN = 0;
                                           	BCLR	_flag1,0
                                           ;	.line	413; "MC32P7351.c"	FLAG_IS_HEATING = 0;
                                           	BCLR	_flag1,1
                                           ;	.line	415; "MC32P7351.c"	if (flag_is_low_battery)
                                           	JBSET	_flag2,2
                                           	GOTO	_00352_DS_
                                           ;	.line	418; "MC32P7351.c"	flag_is_low_battery = 0;
                                           	BCLR	_flag2,2
                                           ;	.line	419; "MC32P7351.c"	LED_CHARGING_OFF(); // 关闭用于报警的LED
                                           	BSET	_IOP0bits,4
                                           _00352_DS_
                                           ;	.line	422; "MC32P7351.c"	mode_flag = MODE_1; // 下一次切换模式时，会变成 MODE_2
                                           	CLRR	_mode_flag
                                           ;	.line	425; "MC32P7351.c"	PWM0EC = 0;
                                           	BCLR	_T0CRbits,6
                                           ;	.line	426; "MC32P7351.c"	PWM1EC = 0;
                                           	BCLR	_T1CRbits,6
                                           ;	.line	428; "MC32P7351.c"	inflation_ctl_status = INFLATION_CTL_STATUS_DEFLATION; // 放气
                                           	MOVAI	0x02
                                           	MOVRA	_inflation_ctl_status
                                           	GOTO	_00401_DS_
                                           _00388_DS_
                                           ;	.line	430; "MC32P7351.c"	else if (KEY_EVENT_MODE_PRESS == key_event)
                                           	MOVAR	_key_event
                                           	XORAI	0x02
                                           	JBSET	PFLAG,2
                                           	GOTO	_00385_DS_
                                           ;	.line	432; "MC32P7351.c"	if (MODE_1 == mode_flag)
                                           	MOVAI	0x00
                                           	ORAR	_mode_flag
                                           	JBSET	PFLAG,2
                                           	GOTO	_00359_DS_
                                           ;	.line	435; "MC32P7351.c"	T0DATA = 160;
                                           	MOVAI	0xa0
                                           	MOVRA	_T0DATA
                                           ;	.line	436; "MC32P7351.c"	T1DATA = 160;
                                           	MOVAI	0xa0
                                           	MOVRA	_T1DATA
                                           ;	.line	438; "MC32P7351.c"	mode_flag = MODE_2;
                                           	MOVAI	0x01
                                           	MOVRA	_mode_flag
                                           ;	.line	439; "MC32P7351.c"	flag_ctl_dir = 1;
                                           	BSET	_flag3,0
                                           	GOTO	_00360_DS_
                                           _00359_DS_
                                           ;	.line	441; "MC32P7351.c"	else if (MODE_2 == mode_flag)
                                           	MOVAR	_mode_flag
                                           	XORAI	0x01
                                           	JBSET	PFLAG,2
                                           	GOTO	_00356_DS_
                                           ;	.line	444; "MC32P7351.c"	T0DATA = 255;
                                           	MOVAI	0xff
                                           	MOVRA	_T0DATA
                                           ;	.line	445; "MC32P7351.c"	T1DATA = 255; // 100%占空比（确保大于TxLOAD的值就可以）
                                           	MOVAI	0xff
                                           	MOVRA	_T1DATA
                                           ;	.line	447; "MC32P7351.c"	mode_flag = MODE_3;
                                           	MOVAI	0x02
                                           	MOVRA	_mode_flag
                                           ;	.line	448; "MC32P7351.c"	flag_ctl_dir = 1;
                                           	BSET	_flag3,0
                                           	GOTO	_00360_DS_
                                           _00356_DS_
                                           ;	.line	450; "MC32P7351.c"	else if (MODE_3 == mode_flag)
                                           	MOVAR	_mode_flag
                                           	XORAI	0x02
                                           	JBSET	PFLAG,2
                                           	GOTO	_00360_DS_
                                           ;	.line	452; "MC32P7351.c"	T0DATA = 150;
                                           	MOVAI	0x96
                                           	MOVRA	_T0DATA
                                           ;	.line	453; "MC32P7351.c"	T1DATA = 150;
                                           	MOVAI	0x96
                                           	MOVRA	_T1DATA
                                           ;	.line	454; "MC32P7351.c"	mode_flag = MODE_1;
                                           	CLRR	_mode_flag
                                           ;	.line	455; "MC32P7351.c"	flag_ctl_dir = 1;
                                           	BSET	_flag3,0
                                           ;	.line	457; "MC32P7351.c"	inflation_ctl_status = INFLATION_CTL_STATUS_INFLATION; // 充气
                                           	MOVAI	0x01
                                           	MOVRA	_inflation_ctl_status
                                           _00360_DS_
                                           ;	.line	469; "MC32P7351.c"	turn_dir_ms_cnt = 0; // 重置切换方向的计数
                                           	CLRR	_turn_dir_ms_cnt
                                           	CLRR	(_turn_dir_ms_cnt + 1)
                                           	CLRR	(_turn_dir_ms_cnt + 2)
                                           	CLRR	(_turn_dir_ms_cnt + 3)
                                           	GOTO	_00401_DS_
                                           _00385_DS_
                                           ;	.line	471; "MC32P7351.c"	else if (KEY_EVENT_HEAT_PRESS == key_event)
                                           	MOVAR	_key_event
                                           	XORAI	0x01
                                           	JBSET	PFLAG,2
                                           	GOTO	_00401_DS_
                                           ;	.line	473; "MC32P7351.c"	if (0 == FLAG_IS_HEATING)
                                           	JBCLR	_flag1,1
                                           	GOTO	_00370_DS_
                                           ;	.line	475; "MC32P7351.c"	HEATING_ON(); // 打开加热
                                           	BSET	_IOP1bits,2
                                           ;	.line	476; "MC32P7351.c"	LED_WORKING_OFF();
                                           	BSET	_IOP1bits,4
                                           ;	.line	477; "MC32P7351.c"	LED_CHARGING_ON();
                                           	BCLR	_IOP0bits,4
                                           ;	.line	478; "MC32P7351.c"	FLAG_IS_HEATING = 1;
                                           	BSET	_flag1,1
                                           	GOTO	_00401_DS_
                                           _00370_DS_
                                           ;	.line	482; "MC32P7351.c"	HEATING_OFF(); // 关闭加热
                                           	BCLR	_IOP1bits,2
                                           ;	.line	483; "MC32P7351.c"	LED_CHARGING_OFF();
                                           	BSET	_IOP0bits,4
                                           ;	.line	484; "MC32P7351.c"	LED_WORKING_ON();
                                           	BCLR	_IOP1bits,4
                                           ;	.line	485; "MC32P7351.c"	FLAG_IS_HEATING = 0;
                                           	BCLR	_flag1,1
                                           	GOTO	_00401_DS_
                                           _00400_DS_
                                           ;	.line	492; "MC32P7351.c"	if (KEY_EVENT_MODE_HOLD == key_event && 0 == FLAG_IS_IN_CHARGING)
                                           	MOVAR	_key_event
                                           	XORAI	0x03
                                           	JBSET	PFLAG,2
                                           	GOTO	_00401_DS_
                                           	JBCLR	_flag1,2
                                           	GOTO	_00401_DS_
                                           ;	.line	495; "MC32P7351.c"	LED_CHARGING_OFF(); // 关闭充电指示灯
                                           	BSET	_IOP0bits,4
                                           ;	.line	496; "MC32P7351.c"	LED_WORKING_ON();   // 打开电源指示灯
                                           	BCLR	_IOP1bits,4
                                           ;	.line	497; "MC32P7351.c"	FLAG_IS_DEVICE_OPEN = 1;
                                           	BSET	_flag1,0
                                           ;	.line	500; "MC32P7351.c"	T0DATA = 150;
                                           	MOVAI	0x96
                                           	MOVRA	_T0DATA
                                           ;	.line	501; "MC32P7351.c"	T1DATA = 150;
                                           	MOVAI	0x96
                                           	MOVRA	_T1DATA
                                           ;	.line	502; "MC32P7351.c"	mode_flag = MODE_1; // 下一次切换模式时，会变成 MODE_2
                                           	CLRR	_mode_flag
                                           ;	.line	507; "MC32P7351.c"	PWM1EC = 1;
                                           	BSET	_T1CRbits,6
                                           ;	.line	509; "MC32P7351.c"	inflation_ctl_status = INFLATION_CTL_STATUS_INFLATION; // 充气
                                           	MOVAI	0x01
                                           	MOVRA	_inflation_ctl_status
                                           _00401_DS_
                                           ;	.line	514; "MC32P7351.c"	key_event = KEY_EVENT_NONE;
                                           	CLRR	_key_event
                                           ;	.line	515; "MC32P7351.c"	}
                                           	RETURN	
                                           ; exit point of _key_event_handle
                                           
                                           ;***
                                           ;  pBlock Stats: dbName = C
                                           ;***
                                           ;entry:  _key_scan	;Function start
                                           ; 2 exit points
                                           ;has an exit
                                           ;; Starting pCode block
                                           _key_scan	;Function start
                                           ; 2 exit points
                                           ;	.line	286; "MC32P7351.c"	volatile u8 cur_key_id = KEY_ID_NONE;
                                           	CLRR	_key_scan_cur_key_id_65536_31
                                           ;	.line	290; "MC32P7351.c"	if (0 == KEY_MODE_PIN)
                                           	JBCLR	_IOP0bits,1
                                           	GOTO	_00211_DS_
                                           ;	.line	292; "MC32P7351.c"	cur_key_id = KEY_ID_MODE;
                                           	MOVAI	0x01
                                           	MOVRA	_key_scan_cur_key_id_65536_31
                                           	GOTO	_00212_DS_
                                           _00211_DS_
                                           ;	.line	294; "MC32P7351.c"	else if (0 == KEY_HEAT_PIN)
                                           	JBCLR	_IOP1bits,1
                                           	GOTO	_00212_DS_
                                           ;	.line	296; "MC32P7351.c"	cur_key_id = KEY_ID_HEAT;
                                           	MOVAI	0x02
                                           	MOVRA	_key_scan_cur_key_id_65536_31
                                           _00212_DS_
                                           ;	.line	299; "MC32P7351.c"	if (cur_key_id != filter_key_id)
                                           	MOVAR	_key_scan_filter_key_id_65536_31
                                           	XORAR	_key_scan_cur_key_id_65536_31
                                           	JBSET	PFLAG,2
                                           	GOTO	_00332_DS_
                                           	GOTO	_00214_DS_
                                           _00332_DS_
                                           ;	.line	302; "MC32P7351.c"	filter_cnt = 0;
                                           	CLRR	_key_scan_filter_cnt_65536_31
                                           ;	.line	303; "MC32P7351.c"	filter_key_id = cur_key_id;
                                           	MOVAR	_key_scan_cur_key_id_65536_31
                                           	MOVRA	_key_scan_filter_key_id_65536_31
                                           ;	.line	304; "MC32P7351.c"	return;
                                           	GOTO	_00254_DS_
                                           ;;unsigned compare: left < lit(0x3=3), size=1
                                           _00214_DS_
                                           ;	.line	307; "MC32P7351.c"	if (filter_cnt < KEY_FILTER_TIMES)
                                           	MOVAI	0x03
                                           	RSUBAR	_key_scan_filter_cnt_65536_31
                                           	JBCLR	PFLAG,0
                                           	GOTO	_00216_DS_
                                           ;;genSkipc:3291: created from rifx:013B5EFC
                                           ;	.line	311; "MC32P7351.c"	filter_cnt++;
                                           	INCR	_key_scan_filter_cnt_65536_31
                                           ;	.line	312; "MC32P7351.c"	return;
                                           	GOTO	_00254_DS_
                                           _00216_DS_
                                           ;	.line	317; "MC32P7351.c"	if (last_key_id != cur_key_id)
                                           	MOVAR	_key_scan_cur_key_id_65536_31
                                           	XORAR	_key_scan_last_key_id_65536_31
                                           	JBSET	PFLAG,2
                                           	GOTO	_00334_DS_
                                           	GOTO	_00252_DS_
                                           _00334_DS_
                                           ;	.line	319; "MC32P7351.c"	if (last_key_id == KEY_ID_NONE)
                                           	MOVAI	0x00
                                           	ORAR	_key_scan_last_key_id_65536_31
                                           	JBSET	PFLAG,2
                                           	GOTO	_00230_DS_
                                           ;	.line	322; "MC32P7351.c"	press_cnt = 0;
                                           	CLRR	_key_scan_press_cnt_65536_31
                                           	GOTO	_00253_DS_
                                           _00230_DS_
                                           ;	.line	324; "MC32P7351.c"	else if (cur_key_id == KEY_ID_NONE)
                                           	MOVAI	0x00
                                           	ORAR	_key_scan_cur_key_id_65536_31
                                           	JBSET	PFLAG,2
                                           	GOTO	_00253_DS_
                                           ;;unsigned compare: left < lit(0x4B=75), size=1
                                           ;	.line	327; "MC32P7351.c"	if (press_cnt < 75)
                                           	MOVAI	0x4b
                                           	RSUBAR	_key_scan_press_cnt_65536_31
                                           	JBCLR	PFLAG,0
                                           	GOTO	_00225_DS_
                                           ;;genSkipc:3291: created from rifx:013B5EFC
                                           ;	.line	330; "MC32P7351.c"	if (KEY_ID_MODE == last_key_id)
                                           	MOVAR	_key_scan_last_key_id_65536_31
                                           	XORAI	0x01
                                           	JBSET	PFLAG,2
                                           	GOTO	_00220_DS_
                                           ;	.line	333; "MC32P7351.c"	key_event = KEY_EVENT_MODE_PRESS;
                                           	MOVAI	0x02
                                           	MOVRA	_key_event
                                           	GOTO	_00253_DS_
                                           _00220_DS_
                                           ;	.line	339; "MC32P7351.c"	else if (KEY_ID_HEAT == last_key_id)
                                           	MOVAR	_key_scan_last_key_id_65536_31
                                           	XORAI	0x02
                                           	JBSET	PFLAG,2
                                           	GOTO	_00253_DS_
                                           ;	.line	342; "MC32P7351.c"	key_event = KEY_EVENT_HEAT_PRESS;
                                           	MOVAI	0x01
                                           	MOVRA	_key_event
                                           	GOTO	_00253_DS_
                                           _00225_DS_
                                           ;	.line	350; "MC32P7351.c"	if (KEY_ID_MODE == last_key_id)
                                           	MOVAR	_key_scan_last_key_id_65536_31
                                           	XORAI	0x01
                                           	JBSET	PFLAG,2
                                           	GOTO	_00253_DS_
                                           ;	.line	352; "MC32P7351.c"	flag_is_key_mode_hold = 0;
                                           	CLRR	_key_scan_flag_is_key_mode_hold_65536_31
                                           	GOTO	_00253_DS_
                                           _00252_DS_
                                           ;	.line	357; "MC32P7351.c"	else if (cur_key_id != KEY_ID_NONE)
                                           	MOVAI	0x00
                                           	ORAR	_key_scan_cur_key_id_65536_31
                                           	JBCLR	PFLAG,2
                                           	GOTO	_00253_DS_
                                           ;;unsigned compare: left < lit(0xFF=255), size=1
                                           ;	.line	360; "MC32P7351.c"	if (press_cnt < 255)
                                           	MOVAI	0xff
                                           	RSUBAR	_key_scan_press_cnt_65536_31
                                           	JBCLR	PFLAG,0
                                           	GOTO	_00233_DS_
                                           ;;genSkipc:3291: created from rifx:013B5EFC
                                           ;	.line	361; "MC32P7351.c"	press_cnt++;
                                           	INCR	_key_scan_press_cnt_65536_31
                                           _00233_DS_
                                           ;	.line	363; "MC32P7351.c"	if (KEY_ID_MODE == cur_key_id)
                                           	MOVAR	_key_scan_cur_key_id_65536_31
                                           	XORAI	0x01
                                           	JBSET	PFLAG,2
                                           	GOTO	_00253_DS_
                                           ;	.line	365; "MC32P7351.c"	if (FLAG_IS_DEVICE_OPEN)
                                           	JBSET	_flag1,0
                                           	GOTO	_00245_DS_
                                           ;;unsigned compare: left < lit(0xC8=200), size=1
                                           ;	.line	367; "MC32P7351.c"	if (press_cnt >= 200) // 2000ms
                                           	MOVAI	0xc8
                                           	RSUBAR	_key_scan_press_cnt_65536_31
                                           	JBSET	PFLAG,0
                                           	GOTO	_00253_DS_
                                           ;;genSkipc:3291: created from rifx:013B5EFC
                                           ;	.line	369; "MC32P7351.c"	if (flag_is_key_mode_hold)
                                           	MOVAI	0x00
                                           	ORAR	_key_scan_flag_is_key_mode_hold_65536_31
                                           	JBSET	PFLAG,2
                                           	GOTO	_00253_DS_
                                           ;	.line	374; "MC32P7351.c"	key_event = KEY_EVENT_MODE_HOLD;
                                           	MOVAI	0x03
                                           	MOVRA	_key_event
                                           ;	.line	375; "MC32P7351.c"	flag_is_key_mode_hold = 1;
                                           	MOVAI	0x01
                                           	MOVRA	_key_scan_flag_is_key_mode_hold_65536_31
                                           	GOTO	_00253_DS_
                                           ;;unsigned compare: left < lit(0x64=100), size=1
                                           _00245_DS_
                                           ;	.line	382; "MC32P7351.c"	if (press_cnt >= 100) // 1000ms加上看门狗唤醒的1024ms
                                           	MOVAI	0x64
                                           	RSUBAR	_key_scan_press_cnt_65536_31
                                           	JBSET	PFLAG,0
                                           	GOTO	_00253_DS_
                                           ;;genSkipc:3291: created from rifx:013B5EFC
                                           ;	.line	384; "MC32P7351.c"	if (flag_is_key_mode_hold)
                                           	MOVAI	0x00
                                           	ORAR	_key_scan_flag_is_key_mode_hold_65536_31
                                           	JBSET	PFLAG,2
                                           	GOTO	_00253_DS_
                                           ;	.line	389; "MC32P7351.c"	key_event = KEY_EVENT_MODE_HOLD;
                                           	MOVAI	0x03
                                           	MOVRA	_key_event
                                           ;	.line	390; "MC32P7351.c"	flag_is_key_mode_hold = 1;
                                           	MOVAI	0x01
                                           	MOVRA	_key_scan_flag_is_key_mode_hold_65536_31
                                           _00253_DS_
                                           ;	.line	397; "MC32P7351.c"	last_key_id = cur_key_id;
                                           	MOVAR	_key_scan_cur_key_id_65536_31
                                           	MOVRA	_key_scan_last_key_id_65536_31
                                           _00254_DS_
                                           ;	.line	398; "MC32P7351.c"	}
                                           	RETURN	
                                           ; exit point of _key_scan
                                           
                                           ;***
                                           ;  pBlock Stats: dbName = C
                                           ;***
                                           ;entry:  _Sys_Init	;Function start
                                           ; 2 exit points
                                           ;has an exit
                                           ;functions called:
                                           ;   _CLR_RAM
                                           ;   _adc_config
                                           ;   _delay_ms
                                           ;   _CLR_RAM
                                           ;   _adc_config
                                           ;   _delay_ms
                                           ;1 compiler assigned register :
                                           ;   STK00
                                           ;; Starting pCode block
                                           _Sys_Init	;Function start
                                           ; 2 exit points
                                           ;	.line	171; "MC32P7351.c"	GIE = 0;
                                           	BCLR	_MCRbits,7
                                           ;	.line	172; "MC32P7351.c"	CLR_RAM();
                                           	CALL	_CLR_RAM
                                           ;	.line	175; "MC32P7351.c"	IOP0 = 0x00;   // io口数据位
                                           	CLRR	_IOP0
                                           ;	.line	176; "MC32P7351.c"	OEP0 = 0x3F;   // io口方向 1:out  0:in
                                           	MOVAI	0x3f
                                           	MOVRA	_OEP0
                                           ;	.line	177; "MC32P7351.c"	PUP0 = 0x00;   // io口上拉电阻   1:enable  0:disable
                                           	CLRR	_PUP0
                                           ;	.line	178; "MC32P7351.c"	PDP0 = 0x00;   // io口下拉电阻   1:enable  0:disable
                                           	CLRR	_PDP0
                                           ;	.line	179; "MC32P7351.c"	ADIOS0 = 0x00; // io类型选择  1:模拟输入  0:通用io
                                           	CLRR	_ADIOS0
                                           ;	.line	181; "MC32P7351.c"	IOP1 = 0x00;   // io口数据位
                                           	CLRR	_IOP1
                                           ;	.line	182; "MC32P7351.c"	OEP1 = 0xFF;   // io口方向 1:out  0:in
                                           	MOVAI	0xff
                                           	MOVRA	_OEP1
                                           ;	.line	183; "MC32P7351.c"	PUP1 = 0x00;   // io口上拉电阻   1:enable  0:disable
                                           	CLRR	_PUP1
                                           ;	.line	184; "MC32P7351.c"	PDP1 = 0x00;   // io口下拉电阻   1:enable  0:disable
                                           	CLRR	_PDP1
                                           ;	.line	185; "MC32P7351.c"	ADIOS1 = 0x00; // io类型选择  1:模拟输入  0:通用io
                                           	CLRR	_ADIOS1
                                           ;	.line	192; "MC32P7351.c"	PMOD = 0x00 | (0x01 << 2); // P00、P01、P13 使能数字功能，P13配置为推挽输出
                                           	MOVAI	0x04
                                           	MOVRA	_PMOD
                                           ;	.line	193; "MC32P7351.c"	DRVCR = 0x80;              // 普通驱动
                                           	MOVAI	0x80
                                           	MOVRA	_DRVCR
                                           ;	.line	196; "MC32P7351.c"	LED_WORKING_OFF();
                                           	BSET	_IOP1bits,4
                                           ;	.line	197; "MC32P7351.c"	LED_CHARGING_OFF();
                                           	BSET	_IOP0bits,4
                                           ;	.line	198; "MC32P7351.c"	INFLATION_CTL_OFF();
                                           	BCLR	_IOP0bits,3
                                           ;	.line	199; "MC32P7351.c"	DEFLATION_CTL_OFF();
                                           	BCLR	_IOP1bits,3
                                           ;	.line	203; "MC32P7351.c"	T0LOAD = 172 - 1;
                                           	MOVAI	0xab
                                           	MOVRA	_T0LOAD
                                           ;	.line	205; "MC32P7351.c"	PWM0EC = 0;  // 禁止PWM输出
                                           	BCLR	_T0CRbits,6
                                           ;	.line	206; "MC32P7351.c"	T0CR = 0x81; // 使能定时器，时钟源为FCPU，2分频
                                           	MOVAI	0x81
                                           	MOVRA	_T0CR
                                           ;	.line	213; "MC32P7351.c"	T1LOAD = 172 - 1;
                                           	MOVAI	0xab
                                           	MOVRA	_T1LOAD
                                           ;	.line	215; "MC32P7351.c"	PWM1EC = 0;  // 禁止PWM1输出
                                           	BCLR	_T1CRbits,6
                                           ;	.line	216; "MC32P7351.c"	T1CR = 0x81; // 使能定时器，时钟源为FCPU，2分频
                                           	MOVAI	0x81
                                           	MOVRA	_T1CR
                                           ;	.line	221; "MC32P7351.c"	T2CKS0 = 1;
                                           	BSET	_T2CRbits,3
                                           ;	.line	222; "MC32P7351.c"	T2CKS1 = 0;
                                           	BCLR	_T2CRbits,4
                                           ;	.line	224; "MC32P7351.c"	TMRCKS0 = 0;
                                           	BCLR	_PWMCR1bits,3
                                           ;	.line	225; "MC32P7351.c"	TMRCKS1 = 0;
                                           	BCLR	_PWMCR1bits,4
                                           ;	.line	226; "MC32P7351.c"	T2LOAD = 209;
                                           	MOVAI	0xd1
                                           	MOVRA	_T2LOAD
                                           ;	.line	228; "MC32P7351.c"	T2DATA = 0;
                                           	CLRR	_T2DATA
                                           ;	.line	229; "MC32P7351.c"	PWM2EC = 0; // 禁止PWM输出
                                           	BCLR	_T2CRbits,6
                                           ;	.line	230; "MC32P7351.c"	T2EN = 1;
                                           	BSET	_T2CRbits,7
                                           ;	.line	239; "MC32P7351.c"	T3LOAD = 25 - 1; //
                                           	MOVAI	0x18
                                           	MOVRA	_T3LOAD
                                           ;	.line	240; "MC32P7351.c"	T3CR = 0x85;     // 使能定时器，时钟源选择FCPU，32分频
                                           	MOVAI	0x85
                                           	MOVRA	_T3CR
                                           ;	.line	241; "MC32P7351.c"	T3IE = 1;
                                           	BSET	_INTEbits,7
                                           ;	.line	247; "MC32P7351.c"	P11PU = 1; // 上拉
                                           	BSET	_PUP1bits,1
                                           ;	.line	248; "MC32P7351.c"	P11OE = 0; // 输入模式
                                           	BCLR	_OEP1bits,1
                                           ;	.line	251; "MC32P7351.c"	P01PU = 1; // 上拉
                                           	BSET	_PUP0bits,1
                                           ;	.line	252; "MC32P7351.c"	P01OE = 0; // 输入模式
                                           	BCLR	_OEP0bits,1
                                           ;	.line	254; "MC32P7351.c"	adc_config();
                                           	CALL	_adc_config
                                           ;	.line	256; "MC32P7351.c"	GIE = 1;
                                           	BSET	_MCRbits,7
                                           ;	.line	258; "MC32P7351.c"	delay_ms(1); // 等待系统稳定
                                           	MOVAI	0x01
                                           	MOVRA	STK00
                                           	MOVAI	0x00
                                           	CALL	_delay_ms
                                           ;	.line	259; "MC32P7351.c"	}
                                           	RETURN	
                                           ; exit point of _Sys_Init
                                           
                                           ;***
                                           ;  pBlock Stats: dbName = C
                                           ;***
                                           ;entry:  _adc_get_val	;Function start
                                           ; 2 exit points
                                           ;has an exit
                                           ;16 compiler assigned registers:
                                           ;   r0x1052
                                           ;   r0x1053
                                           ;   r0x1054
                                           ;   r0x1055
                                           ;   r0x1056
                                           ;   r0x1057
                                           ;   r0x1058
                                           ;   r0x1059
                                           ;   r0x105A
                                           ;   r0x105B
                                           ;   r0x105C
                                           ;   r0x105D
                                           ;   r0x105E
                                           ;   r0x105F
                                           ;   r0x1060
                                           ;   STK00
                                           ;; Starting pCode block
                                           _adc_get_val	;Function start
                                           ; 2 exit points
                                           ;	.line	77; "MC32P7351.c"	u32 g_tmpbuff = 0;
                                           	CLRR	r0x1052
                                           	CLRR	r0x1053
                                           	CLRR	r0x1054
                                           	CLRR	r0x1055
                                           ;	.line	78; "MC32P7351.c"	u16 g_adcmax = 0;
                                           	CLRR	r0x1056
                                           	CLRR	r0x1057
                                           ;	.line	79; "MC32P7351.c"	u16 g_adcmin = 0xFFFF;
                                           	MOVAI	0xff
                                           	MOVRA	r0x1058
                                           	MOVRA	r0x1059
                                           ;	.line	82; "MC32P7351.c"	for (i = 0; i < 20; i++)
                                           	CLRR	r0x105A
                                           _00158_DS_
                                           ;	.line	84; "MC32P7351.c"	ADEOC = 0; // 清除ADC转换完成标志位，启动AD转换
                                           	BCLR	_ADCR0bits,1
                                           _00147_DS_
                                           ;	.line	85; "MC32P7351.c"	while (!ADEOC)
                                           	JBSET	_ADCR0bits,1
                                           	GOTO	_00147_DS_
                                           ;	.line	87; "MC32P7351.c"	g_temp_value = ADRH; // 取出转换后的值
                                           	MOVAR	_ADRH
                                           	MOVRA	r0x105B
                                           	CLRR	r0x105C
                                           ;	.line	88; "MC32P7351.c"	g_temp_value = g_temp_value << 4 | (ADRL & 0x0F);
                                           	SWAPAR	r0x105C
                                           	ANDAI	0xf0
                                           	MOVRA	r0x105D
                                           	SWAPAR	r0x105B
                                           	MOVRA	r0x105E
                                           	ANDAI	0x0f
                                           	ORRA	r0x105D
                                           	XORRA	r0x105E
                                           	MOVAR	_ADRL
                                           	MOVRA	r0x105B
                                           	CLRR	r0x105C
                                           	MOVAI	0x0f
                                           	ANDRA	r0x105B
                                           	CLRR	r0x105C
                                           ;;114	MOVAR	r0x105B
                                           	MOVAI	0x00
                                           	MOVRA	r0x1060
                                           ;;113	MOVAR	r0x105F
                                           	MOVAR	r0x105B
                                           	MOVRA	r0x105F
                                           	ORAR	r0x105E
                                           	MOVRA	r0x105B
                                           	MOVAR	r0x1060
                                           	ORAR	r0x105D
                                           	MOVRA	r0x105C
                                           ;;unsigned compare: left < lit(0x2=2), size=1
                                           ;	.line	89; "MC32P7351.c"	if (i < 2)
                                           	MOVAI	0x02
                                           	RSUBAR	r0x105A
                                           	JBSET	PFLAG,0
                                           	GOTO	_00156_DS_
                                           ;;genSkipc:3291: created from rifx:013B5EFC
                                           ;	.line	91; "MC32P7351.c"	if (g_temp_value > g_adcmax)
                                           	MOVAR	r0x105C
                                           	RSUBAR	r0x1057
                                           	JBSET	PFLAG,2
                                           	GOTO	_00198_DS_
                                           	MOVAR	r0x105B
                                           	RSUBAR	r0x1056
                                           _00198_DS_
                                           	JBCLR	PFLAG,0
                                           	GOTO	_00153_DS_
                                           ;;genSkipc:3291: created from rifx:013B5EFC
                                           ;	.line	92; "MC32P7351.c"	g_adcmax = g_temp_value; // 最大
                                           	MOVAR	r0x105B
                                           	MOVRA	r0x1056
                                           	MOVAR	r0x105C
                                           	MOVRA	r0x1057
                                           _00153_DS_
                                           ;	.line	93; "MC32P7351.c"	if (g_temp_value < g_adcmin)
                                           	MOVAR	r0x1059
                                           	RSUBAR	r0x105C
                                           	JBSET	PFLAG,2
                                           	GOTO	_00199_DS_
                                           	MOVAR	r0x1058
                                           	RSUBAR	r0x105B
                                           _00199_DS_
                                           	JBCLR	PFLAG,0
                                           	GOTO	_00155_DS_
                                           ;;genSkipc:3291: created from rifx:013B5EFC
                                           ;	.line	94; "MC32P7351.c"	g_adcmin = g_temp_value; // 最小
                                           	MOVAR	r0x105B
                                           	MOVRA	r0x1058
                                           	MOVAR	r0x105C
                                           	MOVRA	r0x1059
                                           ;;110	MOVAR	r0x105B
                                           ;;112	MOVAR	r0x105C
                                           _00155_DS_
                                           ;	.line	95; "MC32P7351.c"	g_tmpbuff += g_temp_value;
                                           	CLRR	r0x105F
                                           	CLRR	r0x1060
                                           ;;109	MOVAR	r0x105E
                                           	MOVAR	r0x105B
                                           	MOVRA	r0x105E
                                           	ADDRA	r0x1052
                                           ;;111	MOVAR	r0x105D
                                           	MOVAR	r0x105C
                                           	MOVRA	r0x105D
                                           	JBCLR	PFLAG,0
                                           	JZAR	r0x105D
                                           	ADDRA	r0x1053
                                           	MOVAR	r0x105F
                                           	JBCLR	PFLAG,0
                                           	JZAR	r0x105F
                                           	ADDRA	r0x1054
                                           	MOVAR	r0x1060
                                           	JBCLR	PFLAG,0
                                           	JZAR	r0x1060
                                           	ADDRA	r0x1055
                                           _00156_DS_
                                           ;	.line	82; "MC32P7351.c"	for (i = 0; i < 20; i++)
                                           	INCR	r0x105A
                                           ;;unsigned compare: left < lit(0x14=20), size=1
                                           	MOVAI	0x14
                                           	RSUBAR	r0x105A
                                           	JBSET	PFLAG,0
                                           	GOTO	_00158_DS_
                                           ;;genSkipc:3291: created from rifx:013B5EFC
                                           ;;108	MOVAR	r0x1056
                                           ;	.line	97; "MC32P7351.c"	g_tmpbuff -= g_adcmax;           // 去掉一个最大
                                           	MOVAR	r0x1057
                                           	MOVRA	r0x105B
                                           	CLRR	r0x105C
                                           	CLRR	r0x105E
                                           ;;107	MOVAR	r0x105A
                                           	MOVAR	r0x1056
                                           	MOVRA	r0x105A
                                           	RSUBAR	r0x1052
                                           	MOVRA	r0x1056
                                           	MOVAR	r0x1053
                                           	MOVRA	r0x1057
                                           	MOVAR	r0x105B
                                           	JBSET	PFLAG,0
                                           	JZAR	r0x105B
                                           	RSUBRA	r0x1057
                                           	MOVAR	r0x1054
                                           	MOVRA	r0x105D
                                           	MOVAR	r0x105C
                                           	JBSET	PFLAG,0
                                           	JZAR	r0x105C
                                           	RSUBRA	r0x105D
                                           	MOVAR	r0x105E
                                           	JBSET	PFLAG,0
                                           	INCAR	r0x105E
                                           	RSUBAR	r0x1055
                                           	MOVRA	r0x105F
                                           ;;100	MOVAR	r0x1058
                                           ;;102	MOVAR	r0x1059
                                           ;	.line	98; "MC32P7351.c"	g_tmpbuff -= g_adcmin;           // 去掉一个最小
                                           	CLRR	r0x1054
                                           	CLRR	r0x1055
                                           ;;99	MOVAR	r0x1052
                                           	MOVAR	r0x1058
                                           	MOVRA	r0x1052
                                           	RSUBRA	r0x1056
                                           ;;101	MOVAR	r0x1053
                                           	MOVAR	r0x1059
                                           	MOVRA	r0x1053
                                           	JBSET	PFLAG,0
                                           	JZAR	r0x1053
                                           	RSUBRA	r0x1057
                                           	MOVAR	r0x1054
                                           	JBSET	PFLAG,0
                                           	JZAR	r0x1054
                                           	RSUBRA	r0x105D
                                           	MOVAR	r0x1055
                                           	JBSET	PFLAG,0
                                           	JZAR	r0x1055
                                           	RSUBRA	r0x105F
                                           ;	.line	99; "MC32P7351.c"	g_temp_value = (g_tmpbuff >> 4); // 除以16，取平均值
                                           	SWAPAR	r0x1056
                                           	ANDAI	0x0f
                                           	MOVRA	r0x1052
                                           	SWAPAR	r0x1057
                                           	MOVRA	r0x1053
                                           	ANDAI	0xf0
                                           	ORRA	r0x1052
                                           	XORRA	r0x1053
                                           	SWAPAR	r0x105D
                                           	MOVRA	r0x1054
                                           	ANDAI	0xf0
                                           	ORRA	r0x1053
                                           	XORRA	r0x1054
                                           	SWAPAR	r0x105F
                                           	MOVRA	r0x1055
                                           	ANDAI	0xf0
                                           	ORRA	r0x1054
                                           	XORRA	r0x1055
                                           ;;104	MOVAR	r0x1052
                                           ;;106	MOVAR	r0x1053
                                           ;;103	MOVAR	r0x1056
                                           ;	.line	123; "MC32P7351.c"	return g_temp_value;
                                           	MOVAR	r0x1052
                                           	MOVRA	r0x1056
                                           	MOVRA	STK00
                                           ;;105	MOVAR	r0x1057
                                           	MOVAR	r0x1053
                                           	MOVRA	r0x1057
                                           ;	.line	124; "MC32P7351.c"	}
                                           	RETURN	
                                           ; exit point of _adc_get_val
                                           
                                           ;***
                                           ;  pBlock Stats: dbName = C
                                           ;***
                                           ;entry:  _adc_sel_pin	;Function start
                                           ; 2 exit points
                                           ;has an exit
                                           ;functions called:
                                           ;   _delay_ms
                                           ;   _delay_ms
                                           ;2 compiler assigned registers:
                                           ;   r0x1058
                                           ;   STK00
                                           ;; Starting pCode block
                                           _adc_sel_pin	;Function start
                                           ; 2 exit points
                                           ;	.line	48; "MC32P7351.c"	void adc_sel_pin(u8 adc_pin)
                                           	MOVRA	r0x1058
                                           ;	.line	51; "MC32P7351.c"	switch (adc_pin)
                                           	MOVAR	r0x1058
                                           	XORAI	0x01
                                           	JBSET	PFLAG,2
                                           	GOTO	_00141_DS_
                                           	GOTO	_00127_DS_
                                           _00141_DS_
                                           	MOVAR	r0x1058
                                           	XORAI	0x02
                                           	JBSET	PFLAG,2
                                           	GOTO	_00142_DS_
                                           	GOTO	_00128_DS_
                                           _00142_DS_
                                           	GOTO	_00130_DS_
                                           _00127_DS_
                                           ;	.line	54; "MC32P7351.c"	ADCR0 &= ~(0x0F << 4); // 清空寄存器的通道选择位
                                           	MOVAI	0x0f
                                           	ANDRA	_ADCR0
                                           ;	.line	57; "MC32P7351.c"	break;
                                           	GOTO	_00130_DS_
                                           _00128_DS_
                                           ;	.line	60; "MC32P7351.c"	ADCR0 &= ~(0x0F << 4); // 清空寄存器的通道选择位
                                           	MOVAI	0x0f
                                           	ANDRA	_ADCR0
                                           ;	.line	61; "MC32P7351.c"	ADCR0 |= 0x01 << 4;    // AIN1--P02;
                                           	BSET	_ADCR0,4
                                           _00130_DS_
                                           ;	.line	69; "MC32P7351.c"	delay_ms(1); // 切换adc检测的引脚后，要延时一段时间，等待adc稳定，防止意料之外的检测结果
                                           	MOVAI	0x01
                                           	MOVRA	STK00
                                           	MOVAI	0x00
                                           	CALL	_delay_ms
                                           ;	.line	70; "MC32P7351.c"	}
                                           	RETURN	
                                           ; exit point of _adc_sel_pin
                                           
                                           ;***
                                           ;  pBlock Stats: dbName = C
                                           ;***
                                           ;entry:  _adc_config	;Function start
                                           ; 2 exit points
                                           ;has an exit
                                           ;; Starting pCode block
                                           _adc_config	;Function start
                                           ; 2 exit points
                                           ;	.line	34; "MC32P7351.c"	P00OE = 0; // 输入模式
                                           	BCLR	_OEP0bits,0
                                           ;	.line	35; "MC32P7351.c"	P00DC = 1; // 模拟模式
                                           	BSET	_ADIOS0bits,0
                                           ;	.line	38; "MC32P7351.c"	P02OE = 0; // 输入模式
                                           	BCLR	_OEP0bits,2
                                           ;	.line	39; "MC32P7351.c"	P02DC = 1; // 模拟模式
                                           	BSET	_ADIOS0bits,1
                                           ;	.line	41; "MC32P7351.c"	ADCR0 = 0x0A; // 12位精度、不启用ADC转换，不使能ADC
                                           	MOVAI	0x0a
                                           	MOVRA	_ADCR0
                                           ;	.line	42; "MC32P7351.c"	ADCR1 = 0xE1; // 125K采样（最高精度）  内部3V参考电压
                                           	MOVAI	0xe1
                                           	MOVRA	_ADCR1
                                           ;	.line	43; "MC32P7351.c"	ADCR2 = 0xFF; // ADC采样时间为15个ADC时钟
                                           	MOVAI	0xff
                                           	MOVRA	_ADCR2
                                           ;	.line	44; "MC32P7351.c"	ADEN = 1;     // 使能ADC
                                           	BSET	_ADCR0bits,0
                                           ;	.line	45; "MC32P7351.c"	}
                                           	RETURN	
                                           ; exit point of _adc_config
                                           
                                           ;***
                                           ;  pBlock Stats: dbName = C
                                           ;***
                                           ;entry:  _CLR_RAM	;Function start
                                           ; 2 exit points
                                           ;has an exit
                                           ;; Starting pCode block
                                           _CLR_RAM	;Function start
                                           ; 2 exit points
                                           ;	.line	22; "MC32P7351.c"	for (FSR0 = 0; FSR0 < 0xff; FSR0++)
                                           	CLRR	_FSR0
                                           ;;unsigned compare: left < lit(0xFF=255), size=1
                                           _00118_DS_
                                           	MOVAI	0xff
                                           	RSUBAR	_FSR0
                                           	JBCLR	PFLAG,0
                                           	GOTO	_00116_DS_
                                           ;;genSkipc:3291: created from rifx:013B5EFC
                                           ;	.line	24; "MC32P7351.c"	INDF0 = 0x00;
                                           	CLRR	_INDF0
                                           ;	.line	22; "MC32P7351.c"	for (FSR0 = 0; FSR0 < 0xff; FSR0++)
                                           	INCR	_FSR0
                                           	GOTO	_00118_DS_
                                           _00116_DS_
                                           ;	.line	26; "MC32P7351.c"	FSR0 = 0xFF;
                                           	MOVAI	0xff
                                           	MOVRA	_FSR0
                                           ;	.line	27; "MC32P7351.c"	INDF0 = 0x00;
                                           	CLRR	_INDF0
                                           ;	.line	28; "MC32P7351.c"	}
                                           	RETURN	
                                           ; exit point of _CLR_RAM
                                           
                                           ;***
                                           ;  pBlock Stats: dbName = C
                                           ;***
                                           ;entry:  _delay_ms	;Function start
                                           ; 2 exit points
                                           ;has an exit
                                           ;7 compiler assigned registers:
                                           ;   r0x1052
                                           ;   STK00
                                           ;   r0x1053
                                           ;   r0x1054
                                           ;   r0x1055
                                           ;   r0x1056
                                           ;   r0x1057
                                           ;; Starting pCode block
                                           _delay_ms	;Function start
                                           ; 2 exit points
                                           ;	.line	400; "user.h"	void delay_ms(u16 xms)
                                           	MOVRA	r0x1052
                                           	MOVAR	STK00
                                           	MOVRA	r0x1053
                                           _00108_DS_
                                           ;	.line	402; "user.h"	while (xms)
                                           	MOVAR	r0x1053
                                           	ORAR	r0x1052
                                           	JBCLR	PFLAG,2
                                           	GOTO	_00111_DS_
                                           ;	.line	405; "user.h"	while (i--)
                                           	MOVAI	0x3c
                                           	MOVRA	r0x1054
                                           	MOVAI	0x02
                                           	MOVRA	r0x1055
                                           _00105_DS_
                                           	MOVAR	r0x1054
                                           	MOVRA	r0x1056
                                           	MOVAR	r0x1055
                                           	MOVRA	r0x1057
                                           	MOVAI	0xff
                                           	ADDRA	r0x1054
                                           	JBSET	PFLAG,0
                                           	DECR	r0x1055
                                           	MOVAR	r0x1056
                                           	ORAR	r0x1057
                                           	JBCLR	PFLAG,2
                                           	GOTO	_00107_DS_
                                           ;	.line	407; "user.h"	Nop();
                                           	nop	
                                           	GOTO	_00105_DS_
                                           _00107_DS_
                                           ;	.line	409; "user.h"	xms--; // 把 --操作放在while()判断条件外面，更节省空间
                                           	MOVAI	0xff
                                           	ADDRA	r0x1053
                                           	JBSET	PFLAG,0
                                           	DECR	r0x1052
                                           ;	.line	413; "user.h"	__endasm;
                                           	;
                                           	clrwdt;
                                           	
                                           	GOTO	_00108_DS_
                                           _00111_DS_
                                           ;	.line	415; "user.h"	}
                                           	RETURN	
                                           ; exit point of _delay_ms
                                           
                                           
                                           ;	code size estimation:
                                           ;	 1731+    0 =  1731 instructions ( 3462 byte)
                                           
                                           	end


MEMORY USAGE MAP ('X' = Used,  '-' = Unused)

0000 : XX-------------- XXXXXXXXXXXXXXXX XXXXXXXXXXXXXXXX XXXXXXXXXXXXXXXX
0040 : XXXXXXXXXXXXXXXX XXXXXXXXXXXXXXXX XXXXXXXXXXXXXXXX XXXXXXXXXXXXXXXX
0080 : XXXXXXXXXXXXXXXX XXXXXXXXXXXXXXXX XXXXXXXXXXXXXXXX XXXXXXXXXXXXXXXX
00C0 : XXXXXXXXXXXXXXXX XXXXXXXXXXXXXXXX XXXXXXXXXXXXXXXX XXXXXXXXXXXXXXXX
0100 : XXXXXXXXXXXXXXXX XXXXXXXXXXXXXXXX XXXXXXXXXXXXXXXX XXXXXXXXXXXXXXXX
0140 : XXXXXXXXXXXXXXXX XXXXXXXXXXXXXXXX XXXXXXXXXXXXXXXX XXXXXXXXXXXXXXXX
0180 : XXXXXXXXXXXXXXXX XXXXXXXXXXXXXXXX XXXXXXXXXXXXXXXX XXXXXXXXXXXXXXXX
01C0 : XXXXXXXXXXXXXXXX XXXXXXXXXXXXXXXX XXXXXXXXXXXXXXXX XXXXXXXXXXXXXXXX
0200 : XXXXXXXXXXXXXXXX XXXXXXXXXXXXXXXX XXXXXXXXXXXXXXXX XXXXXXXXXXXXXXXX
0240 : XXXXXXXXXXXXXXXX XXXXXXXXXXXXXXXX XXXXXXXXXXXXXXXX XXXXXXXXXXXXXXXX
0280 : XXXXXXXXXXXXXXXX XXXXXXXXXXXXXXXX XXXXXXXXXXXXXXXX XXXXXXXXXXXXXXXX
02C0 : XXXXXXXXXXXXXXXX XXXXXXXXXXXXXXXX XXXXXXXXXXXXXXXX XXXXXXXXXXXXXXXX
0300 : XXXXXXXXXXXXXXXX XXXXXXXXXXXXXXXX XXXXXXXXXXXXXXXX XXXXXXXXXXXXXXXX
0340 : XXXXXXXXXXXXXXXX XXXXXXXXXXXXXXXX XXXXXXXXXXXXXXXX XXXXXXXXXXXXXXXX
0380 : XXXXXXXXXXXXXXXX XXXXXXXXXXXXXXXX XXXXXXXXXXXXXXXX XXXXXXXXXXXXXXXX
03C0 : XXXXXXXXXXXXXXXX XXXXXXXXXXXXXXXX XXXXXXXXXXXXXXXX XXXXXXXXXXXXXXXX
0400 : XXXXXXXXXXXXXXXX XXXXXXXXXXXXXXXX XXXXXXXXXXXXXXXX XXXXXXXXXXXXXXXX
0440 : XXXXXXXXXXXXXXXX XXXXXXXXXXXXXXXX XXXXXXXXXXXXXXXX XXXXXXXXXXXXXXXX
0480 : XXXXXXXXXXXXXXXX XXXXXXXXXXXXXXXX XXXXXXXXXXXXXXXX XXXXXXXXXXXXXXXX
04C0 : XXXXXXXXXXXXXXXX XXXXXXXXXXXXXXXX XXXXXXXXXXXXXXXX XXXXXXXXXXXXXXXX
0500 : XXXXXXXXXXXXXXXX XXXXXXXXXXXXXXXX XXXXXXXXXXXXXXXX XXXXXXXXXXXXXXXX
0540 : XXXXXXXXXXXXXXXX XXXXXXXXXXXXXXXX XXXXXXXXXXXXXXXX XXXXXXXXXXXXXXXX
0580 : XXXXXXXXXXXXXXXX XXXXXXXXXXXXXXXX XXXXXXXXXXXXXXXX XXXXXXXXXXXXXXXX
05C0 : XXXXXXXXXXXXXXXX XXXXXXXXXXXXXXXX XXXXXXXXXXXXXXXX XXXXXXXXXXXXXXXX
0600 : XXXXXXXXXXXXXXXX XXXXXXXXXXXXXXXX XXXXXXXXXXXXXXXX XXXXXXXXXXXXXXXX
0640 : XXXXXXXXXXXXXXXX XXXXXXXXXXXXXXXX XXXXXXXXXXXXXXXX XXXXXXXXXXXXXXXX
0680 : XXXXXXXXXXXXXXXX XXXXXXXXXXXXXXXX XXXXXXXXXXXXXXXX XXXXXXXXXXXXXXXX
06C0 : XXXXXXXXXXXXXXXX XXXXXXXXXXXXXXXX XXXXXXXXXXXXXXXX XXXXXXXXXXXXXXXX
0700 : XXXXXXXXXXXXXXXX XXXXXXXXXXXXXXXX XXXXXXXXXXXXXXXX XXXXXXXXXXXXXXXX
0740 : XXXXXXXXXXXXXXXX XXXXXXXXXXXXXXXX XXXXXXXXXXXXXXXX XXXXXXXXXXXXXXXX
0780 : XXXXXXXXXXXXXXXX XXXXXXXXXXXXXXXX XXXXXXXXXXXXXXXX XXXXXXXXXXXXXXXX
07C0 : XXXXXXXXXXXXXXXX XXXXXXXXXXXXXXXX XXXXXXXXXXXXXXXX XXXXXXXXXXXXXXXX
0800 : XXXXXXXXXXXXXXXX XXXXXXXXXXXXXXXX XXXXXXXXXXXXXXXX XXXXXXXXXXXXXXXX
0840 : XXXXXXXXXXXXXXXX XXXXXXXXXXXXXXXX XXXXXXXXXXXXXXXX XXXXXXXXXXXXXXXX
0880 : XXXXXXXXXXXXXXXX XXXXXXXXXXXXXXXX XXXXXXXXXXXXXXXX XXXXXXXXXXXXXXXX
08C0 : XXXXXXXXXXXXXXXX XXXXXXXXXXXXXXXX XXXXXXXXXXXXXXXX XXXXXXXXXXXXXXXX
0900 : XXXXXXXXXXXXXXXX XXXXXXXXXXXXXXXX XXXXXXXXXXXXXXXX XXXXXXXXXXXXXXXX
0940 : XXXXXXXXXXXXXXXX XXXXXXXXXXXXXXXX XXXXXXXXXXXXXXXX XXXXXXXXXXXXXXXX
0980 : XXXXXXXXXXXXXXXX XXXXXXXXXXXXXXXX XXXXXXXXXXXXXXXX XXXXXXXXXXXXXXXX
09C0 : XXXXXXXXXXXXXXXX XXXXXXXXXXXXXXXX XXXXXXXXXXXXXXXX XXXXXXXXXXXXXXXX
0A00 : XXXXXXXXXXXXXXXX XXXXXXXXXXXXXXXX XXXXXXXXXXXXXXXX XXXXXXXXXXXXXXXX
0A40 : XXXXXXXXXXXXXXXX XXXXXXXXXXXXXXXX XXXXXXXXXXXXXXXX XXXXXXXXXXXXXXXX
0A80 : XXXXXXXXXXXXXXXX XXXXXXXXXXXXXXXX XXXXXXXXXXXXXXXX XXXXXXXXXXXXXXXX
0AC0 : XXXXXXXXXXXXXXXX XXXXXXXXXXXXXXXX XXXXXXXXXXXXXXXX XXXXXXXXXXXXXXXX
0B00 : XXXXXXXXXXXXXXXX XXXXXXXXXXXXXXXX XXXXXXXXXXXXXXXX XXXXXXXXXXXXXXXX
0B40 : XXXXXXXXXXXXXXXX XXXXXXXXXXXXXXXX XXXXXXXXXXXXXXXX XXXXXXXXXXXXXXXX
0B80 : XXXXXXXXXXXXXXXX XXXXXXXXXXXXXXXX XXXXXXXXXXXXXXXX XXXXXXXXXXXXXXXX
0BC0 : XXXXXXXXXXXXXXXX XXXXXXXXXXXXXXXX XXXXXXXXXXXXXXXX XXXXXXXXXXXXXXXX
0C00 : XXXXXXXXXXXXXXXX XXXXXXXXXXXXXXXX XXXXXXXXXXXXXXXX XXXXXXXXXXXXXXXX
0C40 : XXXXXXXXXXXXXXXX XXXXXXXXXXXXXXXX XXXXXXXXXXXXXXXX XXXXXXXXXXXXXXXX
0C80 : XXXXXXXXXXXXXXXX XXXXXXXXXXXXXXXX XXXXXXXXXXXXXXXX XXXXXXXXXXXXXXXX
0CC0 : XXXXXXXXXXXXXXXX XXXXXXXXXXXXXXXX XXXXXXXXXXXXXXXX XXXXXXXXXXXXXXXX
0D00 : XXXXXXXXXXXXXXXX XXXXXXXXXXXXXXXX XXXXXXXXXXXXXXXX XXXXXXXXXXXXXXXX
0D40 : XXXXXXXXXXXXXXXX XXXXXXXXXXXXXXXX XXXXXXXXXXXXXXXX XXXXXXXXXXXXXXXX
0D80 : XXXXXXXXXXXXXXXX XXXXXXXXXXXXXXXX XXXXXXXXXXXXXXXX XXXXXXXXXXXXXXXX
0DC0 : XXXXXXXXXXXXXXXX XXXXXXXXXXXXXXXX XXXXXXXXXXXXXXXX XXXXXXXXXXXXXXXX
0E00 : XXXXXXXXXXXXXXXX XXXXXXXXXXXXXXXX XXXXXXXXXXXXXXXX XXXXXXXXXXXXXXXX
0E40 : XXXXXXXXXXXXXXXX XXXXXXXXXXXXXXXX XXXXXXXXXXXXXXXX XXXXXXXXXXXXXXXX
0E80 : XXXXXXXXXXXXXXXX XXXXXXXXXXXXXXXX XXXXXXXXXXXXXXXX XXXXXXXXXXXXXXXX
0EC0 : XXXXXXXXXXXXXXXX XXXXXXXXXXXXXXXX XXXXXXXXXXXXXXXX XXXXXXXXXXXXXXXX
0F00 : XXXXXXXXXXXXXXXX XXXXXXXXXXXXXXXX XXXXXXXXXXXXXXXX XXXXXXXXXXXXXXXX
0F40 : XXXXXXXXXXXXXXXX XXXXXXXXXXXXXXXX XXXXXXXXXXXXXXXX XXXXXXXXXXXXXXXX
0F80 : XXXXXXXXXXXXXXXX XXXXXXXXXXXXXXXX XXXXXXXXXXXXXXXX XXXXXXXXXX------

All other memory blocks unused.

Program Memory Words Used:  2006

